{"v":"4.8.0","meta":{"g":"LottieFiles AE ","a":"","k":"","d":"","tc":""},"fr":60,"ip":0,"op":241,"w":784,"h":608,"nm":"lottie_streaming_off","ddd":0,"assets":[],"layers":[{"ddd":0,"ind":1,"ty":4,"nm":"cup Outlines","sr":1,"ks":{"o":{"a":0,"k":100,"ix":11},"r":{"a":0,"k":0,"ix":10},"p":{"a":0,"k":[578.311,463.405,0],"ix":2},"a":{"a":0,"k":[38.709,38.61,0],"ix":1},"s":{"a":0,"k":[100,100,100],"ix":6}},"ao":0,"shapes":[{"ty":"gr","it":[{"ind":0,"ty":"sh","ix":1,"ks":{"a":0,"k":{"i":[[0,0],[13.704,0],[0,0],[0,0],[-2.261,0],[0,0],[0,-2.261]],"o":[[0,0],[-13.705,0],[0,0],[0,-2.261],[0,0],[2.261,0],[0,0]],"v":[[19.707,25.41],[0,28.609],[-19.707,25.41],[-19.707,-24.516],[-15.613,-28.609],[15.612,-28.609],[19.707,-24.516]],"c":true},"ix":2},"nm":"Path 1","mn":"ADBE Vector Shape - Group","hd":false},{"ty":"st","c":{"a":0,"k":[0,0,0,1],"ix":3},"o":{"a":0,"k":100,"ix":4},"w":{"a":0,"k":4,"ix":5},"lc":2,"lj":2,"bm":0,"nm":"Stroke 1","mn":"ADBE Vector Graphic - Stroke","hd":false},{"ty":"fl","c":{"a":0,"k":[1,1,1,1],"ix":4},"o":{"a":0,"k":100,"ix":5},"r":1,"bm":0,"nm":"Fill 1","mn":"ADBE Vector Graphic - Fill","hd":false},{"ty":"tr","p":{"a":0,"k":[29.706,38.61],"ix":2},"a":{"a":0,"k":[0,0],"ix":1},"s":{"a":0,"k":[100,100],"ix":3},"r":{"a":0,"k":0,"ix":6},"o":{"a":0,"k":100,"ix":7},"sk":{"a":0,"k":0,"ix":4},"sa":{"a":0,"k":0,"ix":5},"nm":"Transform"}],"nm":"Group 1","np":3,"cix":2,"bm":0,"ix":1,"mn":"ADBE Vector Group","hd":false},{"ty":"gr","it":[{"ind":0,"ty":"sh","ix":1,"ks":{"a":0,"k":{"i":[[0,-8.232],[8.232,0],[0,8.232],[-8.232,0]],"o":[[0,8.232],[-8.232,0],[0,-8.232],[8.232,0]],"v":[[14.905,0],[0,14.905],[-14.905,0],[0,-14.905]],"c":true},"ix":2},"nm":"Path 1","mn":"ADBE Vector Shape - Group","hd":false},{"ty":"st","c":{"a":0,"k":[0,0,0,1],"ix":3},"o":{"a":0,"k":100,"ix":4},"w":{"a":0,"k":4,"ix":5},"lc":2,"lj":2,"bm":0,"nm":"Stroke 1","mn":"ADBE Vector Graphic - Stroke","hd":false},{"ty":"tr","p":{"a":0,"k":[52.514,36.11],"ix":2},"a":{"a":0,"k":[0,0],"ix":1},"s":{"a":0,"k":[100,100],"ix":3},"r":{"a":0,"k":0,"ix":6},"o":{"a":0,"k":100,"ix":7},"sk":{"a":0,"k":0,"ix":4},"sa":{"a":0,"k":0,"ix":5},"nm":"Transform"}],"nm":"Group 2","np":2,"cix":2,"bm":0,"ix":2,"mn":"ADBE Vector Group","hd":false}],"ip":0,"op":241,"st":0,"bm":0},{"ddd":0,"ind":2,"ty":4,"nm":"eyes_closed Outlines","sr":1,"ks":{"o":{"a":0,"k":100,"ix":11},"r":{"a":0,"k":0,"ix":10},"p":{"a":1,"k":[{"i":{"x":0.6,"y":1},"o":{"x":0.4,"y":0},"t":0,"s":[380.136,277.726,0],"to":[0,0.25,0],"ti":[0,0,0]},{"i":{"x":0.6,"y":1},"o":{"x":0.4,"y":0},"t":120,"s":[380.136,279.226,0],"to":[0,0,0],"ti":[0,0.25,0]},{"t":240,"s":[380.136,277.726,0]}],"ix":2},"a":{"a":0,"k":[29.486,11.841,0],"ix":1},"s":{"a":0,"k":[100,100,100],"ix":6}},"ao":0,"shapes":[{"ty":"gr","it":[{"ind":0,"ty":"sh","ix":1,"ks":{"a":0,"k":{"i":[[0,0],[2.964,0],[0,2.034]],"o":[[0,2.034],[-2.965,0],[0,0]],"v":[[5.368,-1.841],[0.001,1.841],[-5.368,-1.841]],"c":false},"ix":2},"nm":"Path 1","mn":"ADBE Vector Shape - Group","hd":false},{"ty":"st","c":{"a":0,"k":[0,0,0,1],"ix":3},"o":{"a":0,"k":100,"ix":4},"w":{"a":0,"k":4,"ix":5},"lc":2,"lj":1,"ml":10,"bm":0,"nm":"Stroke 1","mn":"ADBE Vector Graphic - Stroke","hd":false},{"ty":"tr","p":{"a":0,"k":[43.604,11.841],"ix":2},"a":{"a":0,"k":[0,0],"ix":1},"s":{"a":0,"k":[100,100],"ix":3},"r":{"a":0,"k":0,"ix":6},"o":{"a":0,"k":100,"ix":7},"sk":{"a":0,"k":0,"ix":4},"sa":{"a":0,"k":0,"ix":5},"nm":"Transform"}],"nm":"Group 1","np":2,"cix":2,"bm":0,"ix":1,"mn":"ADBE Vector Group","hd":false},{"ty":"gr","it":[{"ind":0,"ty":"sh","ix":1,"ks":{"a":0,"k":{"i":[[0,0],[2.897,0],[0,2.034]],"o":[[0,2.034],[-2.898,0],[0,0]],"v":[[5.246,-1.841],[0,1.841],[-5.246,-1.841]],"c":false},"ix":2},"nm":"Path 1","mn":"ADBE Vector Shape - Group","hd":false},{"ty":"st","c":{"a":0,"k":[0,0,0,1],"ix":3},"o":{"a":0,"k":100,"ix":4},"w":{"a":0,"k":4,"ix":5},"lc":2,"lj":1,"ml":10,"bm":0,"nm":"Stroke 1","mn":"ADBE Vector Graphic - Stroke","hd":false},{"ty":"tr","p":{"a":0,"k":[15.246,11.841],"ix":2},"a":{"a":0,"k":[0,0],"ix":1},"s":{"a":0,"k":[100,100],"ix":3},"r":{"a":0,"k":0,"ix":6},"o":{"a":0,"k":100,"ix":7},"sk":{"a":0,"k":0,"ix":4},"sa":{"a":0,"k":0,"ix":5},"nm":"Transform"}],"nm":"Group 2","np":2,"cix":2,"bm":0,"ix":2,"mn":"ADBE Vector Group","hd":false}],"ip":0,"op":241,"st":0,"bm":0},{"ddd":0,"ind":3,"ty":4,"nm":"mouth Outlines","sr":1,"ks":{"o":{"a":0,"k":100,"ix":11},"r":{"a":0,"k":0,"ix":10},"p":{"a":0,"k":[382.778,306.84,0],"ix":2},"a":{"a":0,"k":[17.927,11.686,0],"ix":1},"s":{"a":0,"k":[100,100,100],"ix":6}},"ao":0,"shapes":[{"ty":"gr","it":[{"ind":0,"ty":"sh","ix":1,"ks":{"a":0,"k":{"i":[[0,0],[-4.436,0.387],[-0.927,0.763]],"o":[[0.931,0.627],[3.798,-0.33],[0,0]],"v":[[-7.927,-0.94],[0.652,1.298],[7.927,-1.685]],"c":false},"ix":2},"nm":"Path 1","mn":"ADBE Vector Shape - Group","hd":false},{"ty":"st","c":{"a":0,"k":[0,0,0,1],"ix":3},"o":{"a":0,"k":100,"ix":4},"w":{"a":0,"k":4,"ix":5},"lc":2,"lj":1,"ml":10,"bm":0,"nm":"Stroke 1","mn":"ADBE Vector Graphic - Stroke","hd":false},{"ty":"tr","p":{"a":0,"k":[17.927,11.686],"ix":2},"a":{"a":0,"k":[0,0],"ix":1},"s":{"a":0,"k":[100,100],"ix":3},"r":{"a":0,"k":0,"ix":6},"o":{"a":0,"k":100,"ix":7},"sk":{"a":0,"k":0,"ix":4},"sa":{"a":0,"k":0,"ix":5},"nm":"Transform"}],"nm":"Group 1","np":2,"cix":2,"bm":0,"ix":1,"mn":"ADBE Vector Group","hd":false},{"ty":"tm","s":{"a":1,"k":[{"i":{"x":[0.6],"y":[1]},"o":{"x":[0.4],"y":[0]},"t":0,"s":[20]},{"i":{"x":[0.6],"y":[1]},"o":{"x":[0.4],"y":[0]},"t":120,"s":[40]},{"t":239,"s":[20]}],"ix":1},"e":{"a":1,"k":[{"i":{"x":[0.6],"y":[1]},"o":{"x":[0.4],"y":[0]},"t":0,"s":[80]},{"i":{"x":[0.6],"y":[1]},"o":{"x":[0.4],"y":[0]},"t":120,"s":[60]},{"t":239,"s":[80]}],"ix":2},"o":{"a":0,"k":0,"ix":3},"m":1,"ix":2,"nm":"Trim Paths 1","mn":"ADBE Vector Filter - Trim","hd":false}],"ip":0,"op":241,"st":0,"bm":0},{"ddd":0,"ind":4,"ty":4,"nm":"nose Outlines","sr":1,"ks":{"o":{"a":0,"k":100,"ix":11},"r":{"a":0,"k":0,"ix":10},"p":{"a":1,"k":[{"i":{"x":0.6,"y":1},"o":{"x":0.4,"y":0},"t":0,"s":[372.008,289.68,0],"to":[0,0.417,0],"ti":[0,0,0]},{"i":{"x":0.6,"y":1},"o":{"x":0.4,"y":0},"t":120,"s":[372.008,292.18,0],"to":[0,0,0],"ti":[0,0.417,0]},{"t":240,"s":[372.008,289.68,0]}],"ix":2},"a":{"a":0,"k":[14.141,18.472,0],"ix":1},"s":{"a":0,"k":[100,100,100],"ix":6}},"ao":0,"shapes":[{"ty":"gr","it":[{"ind":0,"ty":"sh","ix":1,"ks":{"a":0,"k":{"i":[[0,0],[2.296,-1.959],[-4.93,-0.851]],"o":[[-1.466,5.877],[0,0],[0,0]],"v":[[4.141,-8.472],[-3.735,3.432],[0.789,8.472]],"c":false},"ix":2},"nm":"Path 1","mn":"ADBE Vector Shape - Group","hd":false},{"ty":"st","c":{"a":0,"k":[0,0,0,1],"ix":3},"o":{"a":0,"k":100,"ix":4},"w":{"a":0,"k":4,"ix":5},"lc":2,"lj":1,"ml":10,"bm":0,"nm":"Stroke 1","mn":"ADBE Vector Graphic - Stroke","hd":false},{"ty":"tr","p":{"a":0,"k":[14.141,18.472],"ix":2},"a":{"a":0,"k":[0,0],"ix":1},"s":{"a":0,"k":[100,100],"ix":3},"r":{"a":0,"k":0,"ix":6},"o":{"a":0,"k":100,"ix":7},"sk":{"a":0,"k":0,"ix":4},"sa":{"a":0,"k":0,"ix":5},"nm":"Transform"}],"nm":"Group 1","np":2,"cix":2,"bm":0,"ix":1,"mn":"ADBE Vector Group","hd":false}],"ip":0,"op":241,"st":0,"bm":0},{"ddd":0,"ind":5,"ty":4,"nm":"laptop Outlines","sr":1,"ks":{"o":{"a":0,"k":100,"ix":11},"r":{"a":0,"k":0,"ix":10},"p":{"a":0,"k":[232.218,432.317,0],"ix":2},"a":{"a":0,"k":[119.233,73.982,0],"ix":1},"s":{"a":0,"k":[100,100,100],"ix":6}},"ao":0,"shapes":[{"ty":"gr","it":[{"ind":0,"ty":"sh","ix":1,"ks":{"a":0,"k":{"i":[[-1.952,-7.749],[7.08,-0.057],[1.952,7.749],[-7.081,0.057]],"o":[[1.952,7.749],[-7.081,0.057],[-1.952,-7.75],[7.08,-0.058]],"v":[[12.82,-0.104],[3.535,14.032],[-12.82,0.105],[-3.534,-14.031]],"c":true},"ix":2},"nm":"Path 1","mn":"ADBE Vector Shape - Group","hd":false},{"ty":"fl","c":{"a":0,"k":[1,1,1,1],"ix":4},"o":{"a":0,"k":100,"ix":5},"r":1,"bm":0,"nm":"Fill 1","mn":"ADBE Vector Graphic - Fill","hd":false},{"ty":"tr","p":{"a":0,"k":[87.606,72.619],"ix":2},"a":{"a":0,"k":[0,0],"ix":1},"s":{"a":0,"k":[100,100],"ix":3},"r":{"a":0,"k":0,"ix":6},"o":{"a":0,"k":100,"ix":7},"sk":{"a":0,"k":0,"ix":4},"sa":{"a":0,"k":0,"ix":5},"nm":"Transform"}],"nm":"Group 1","np":2,"cix":2,"bm":0,"ix":1,"mn":"ADBE Vector Group","hd":false},{"ty":"gr","it":[{"ind":0,"ty":"sh","ix":1,"ks":{"a":0,"k":{"i":[[3.463,0.24],[0,0],[0.459,2.321],[0,0],[-3.381,-0.133],[0,0],[-0.49,-2.353],[0,0]],"o":[[0,0],[-2.361,-0.163],[0,0],[-0.655,-3.32],[0,0],[2.402,0.095],[0,0],[0.708,3.399]],"v":[[74.255,60.515],[-54.943,51.566],[-59.721,47.356],[-79.796,-54.375],[-74.452,-60.622],[52.807,-55.613],[57.729,-51.448],[79.743,54.222]],"c":true},"ix":2},"nm":"Path 1","mn":"ADBE Vector Shape - Group","hd":false},{"ty":"st","c":{"a":0,"k":[0,0,0,1],"ix":3},"o":{"a":0,"k":100,"ix":4},"w":{"a":0,"k":4,"ix":5},"lc":2,"lj":1,"ml":10,"bm":0,"nm":"Stroke 1","mn":"ADBE Vector Graphic - Stroke","hd":false},{"ty":"fl","c":{"a":0,"k":[0.227450995352,0.227450995352,0.227450995352,1],"ix":4},"o":{"a":0,"k":100,"ix":5},"r":1,"bm":0,"nm":"Fill 1","mn":"ADBE Vector Graphic - Fill","hd":false},{"ty":"tr","p":{"a":0,"k":[90.451,77.209],"ix":2},"a":{"a":0,"k":[0,0],"ix":1},"s":{"a":0,"k":[100,100],"ix":3},"r":{"a":0,"k":0,"ix":6},"o":{"a":0,"k":100,"ix":7},"sk":{"a":0,"k":0,"ix":4},"sa":{"a":0,"k":0,"ix":5},"nm":"Transform"}],"nm":"Group 2","np":3,"cix":2,"bm":0,"ix":2,"mn":"ADBE Vector Group","hd":false},{"ty":"gr","it":[{"ind":0,"ty":"sh","ix":1,"ks":{"a":0,"k":{"i":[[3.463,0.24],[0,0],[0.459,2.321],[0,0],[-3.381,-0.133],[0,0],[-0.49,-2.353],[0,0]],"o":[[0,0],[-2.361,-0.163],[0,0],[-0.655,-3.32],[0,0],[2.402,0.095],[0,0],[0.708,3.399]],"v":[[74.255,60.515],[-54.943,51.566],[-59.721,47.356],[-79.796,-54.375],[-74.452,-60.622],[52.807,-55.613],[57.729,-51.448],[79.743,54.222]],"c":true},"ix":2},"nm":"Path 1","mn":"ADBE Vector Shape - Group","hd":false},{"ty":"st","c":{"a":0,"k":[0,0,0,1],"ix":3},"o":{"a":0,"k":100,"ix":4},"w":{"a":0,"k":4,"ix":5},"lc":2,"lj":1,"ml":10,"bm":0,"nm":"Stroke 1","mn":"ADBE Vector Graphic - Stroke","hd":false},{"ty":"fl","c":{"a":0,"k":[0,0,0,1],"ix":4},"o":{"a":0,"k":100,"ix":5},"r":1,"bm":0,"nm":"Fill 1","mn":"ADBE Vector Graphic - Fill","hd":false},{"ty":"tr","p":{"a":0,"k":[95.586,70.755],"ix":2},"a":{"a":0,"k":[0,0],"ix":1},"s":{"a":0,"k":[100,100],"ix":3},"r":{"a":0,"k":0,"ix":6},"o":{"a":0,"k":100,"ix":7},"sk":{"a":0,"k":0,"ix":4},"sa":{"a":0,"k":0,"ix":5},"nm":"Transform"}],"nm":"Group 3","np":3,"cix":2,"bm":0,"ix":3,"mn":"ADBE Vector Group","hd":false},{"ty":"gr","it":[{"ind":0,"ty":"sh","ix":1,"ks":{"a":0,"k":{"i":[[0,0],[0,0],[0,0],[0,0]],"o":[[0,0],[0,0],[0,0],[0,0]],"v":[[-31.88,7.857],[27.306,0.834],[31.88,-7.857],[-21.144,-1.218]],"c":false},"ix":2},"nm":"Path 1","mn":"ADBE Vector Shape - Group","hd":false},{"ty":"st","c":{"a":0,"k":[0,0,0,1],"ix":3},"o":{"a":0,"k":100,"ix":4},"w":{"a":0,"k":4,"ix":5},"lc":2,"lj":1,"ml":10,"bm":0,"nm":"Stroke 1","mn":"ADBE Vector Graphic - Stroke","hd":false},{"ty":"fl","c":{"a":0,"k":[0,0,0,1],"ix":4},"o":{"a":0,"k":100,"ix":5},"r":1,"bm":0,"nm":"Fill 1","mn":"ADBE Vector Graphic - Fill","hd":false},{"ty":"tr","p":{"a":0,"k":[196.586,129.867],"ix":2},"a":{"a":0,"k":[0,0],"ix":1},"s":{"a":0,"k":[100,100],"ix":3},"r":{"a":0,"k":0,"ix":6},"o":{"a":0,"k":100,"ix":7},"sk":{"a":0,"k":0,"ix":4},"sa":{"a":0,"k":0,"ix":5},"nm":"Transform"}],"nm":"Group 4","np":3,"cix":2,"bm":0,"ix":4,"mn":"ADBE Vector Group","hd":false}],"ip":0,"op":241,"st":0,"bm":0},{"ddd":0,"ind":6,"ty":4,"nm":"woman 2 Outlines","sr":1,"ks":{"o":{"a":0,"k":100,"ix":11},"r":{"a":0,"k":0,"ix":10},"p":{"a":0,"k":[408.001,366.626,0],"ix":2},"a":{"a":0,"k":[136.146,142.93,0],"ix":1},"s":{"a":0,"k":[100,100,100],"ix":6}},"ao":0,"shapes":[{"ty":"gr","it":[{"ind":0,"ty":"sh","ix":1,"ks":{"a":0,"k":{"i":[[0,0],[0,0]],"o":[[-10.362,-10.997],[0,0]],"v":[[16.073,19.456],[-16.073,-19.456]],"c":false},"ix":2},"nm":"Path 1","mn":"ADBE Vector Shape - Group","hd":false},{"ty":"st","c":{"a":0,"k":[0,0,0,1],"ix":3},"o":{"a":0,"k":100,"ix":4},"w":{"a":0,"k":4,"ix":5},"lc":2,"lj":1,"ml":10,"bm":0,"nm":"Stroke 1","mn":"ADBE Vector Graphic - Stroke","hd":false},{"ty":"tr","p":{"a":0,"k":[199.484,213.374],"ix":2},"a":{"a":0,"k":[0,0],"ix":1},"s":{"a":0,"k":[100,100],"ix":3},"r":{"a":0,"k":0,"ix":6},"o":{"a":0,"k":100,"ix":7},"sk":{"a":0,"k":0,"ix":4},"sa":{"a":0,"k":0,"ix":5},"nm":"Transform"}],"nm":"Group 1","np":2,"cix":2,"bm":0,"ix":1,"mn":"ADBE Vector Group","hd":false},{"ty":"gr","it":[{"ind":0,"ty":"sh","ix":1,"ks":{"a":0,"k":{"i":[[0.371,-1.425],[0,0],[4.76,-0.454],[0,0],[-1.128,4.002],[-0.012,0.038],[-8.065,4.225],[-4.08,-1.134],[0,0],[-0.929,-2.787]],"o":[[-0.426,1.636],[0,0],[-4.759,0.453],[-4.143,0.357],[0.011,-0.039],[1.133,-3.853],[8.065,-4.224],[4.08,1.133],[0,0],[0.789,2.368]],"v":[[33.26,2.442],[29.506,8.621],[14.427,11.101],[-26.051,14.625],[-32.523,7.137],[-32.489,7.021],[-17.255,-10.757],[8.701,-11.714],[24.735,-12.497],[32.862,-4.228]],"c":true},"ix":2},"nm":"Path 1","mn":"ADBE Vector Shape - Group","hd":false},{"ty":"st","c":{"a":0,"k":[0,0,0,1],"ix":3},"o":{"a":0,"k":100,"ix":4},"w":{"a":0,"k":4,"ix":5},"lc":2,"lj":2,"bm":0,"nm":"Stroke 1","mn":"ADBE Vector Graphic - Stroke","hd":false},{"ty":"fl","c":{"a":0,"k":[1,1,1,1],"ix":4},"o":{"a":0,"k":100,"ix":5},"r":1,"bm":0,"nm":"Fill 1","mn":"ADBE Vector Graphic - Fill","hd":false},{"ty":"tr","p":{"a":0,"k":[96.719,260.451],"ix":2},"a":{"a":0,"k":[0,0],"ix":1},"s":{"a":0,"k":[100,100],"ix":3},"r":{"a":0,"k":0,"ix":6},"o":{"a":0,"k":100,"ix":7},"sk":{"a":0,"k":0,"ix":4},"sa":{"a":0,"k":0,"ix":5},"nm":"Transform"}],"nm":"Group 2","np":3,"cix":2,"bm":0,"ix":2,"mn":"ADBE Vector Group","hd":false},{"ty":"gr","it":[{"ind":0,"ty":"sh","ix":1,"ks":{"a":0,"k":{"i":[[0,0],[-13.956,-6.078],[-0.9,-2.701],[-2.476,-1.575],[-0.9,1.576],[-4.41,0.326],[0,-5.402],[6.978,0.226],[0,0],[37.14,-3.601],[-0.45,5.853]],"o":[[0,0],[13.956,6.077],[0.9,2.701],[2.476,1.576],[0.901,-1.575],[6.078,-0.451],[0,5.402],[-6.977,-0.225],[0,0],[-37.14,3.602],[0,0]],"v":[[-37.078,-44.866],[-9.335,-30.539],[20.602,-19.96],[23.528,-11.408],[28.705,-16.134],[35.908,-20.635],[44.044,-11.408],[36.583,3.898],[32.532,3.902],[-4.608,41.263],[-43.594,-28.74]],"c":false},"ix":2},"nm":"Path 1","mn":"ADBE Vector Shape - Group","hd":false},{"ty":"st","c":{"a":0,"k":[0,0,0,1],"ix":3},"o":{"a":0,"k":100,"ix":4},"w":{"a":0,"k":4,"ix":5},"lc":2,"lj":1,"ml":10,"bm":0,"nm":"Stroke 1","mn":"ADBE Vector Graphic - Stroke","hd":false},{"ty":"fl","c":{"a":0,"k":[1,1,1,1],"ix":4},"o":{"a":0,"k":100,"ix":5},"r":1,"bm":0,"nm":"Fill 1","mn":"ADBE Vector Graphic - Fill","hd":false},{"ty":"tr","p":{"a":0,"k":[120.12,54.866],"ix":2},"a":{"a":0,"k":[0,0],"ix":1},"s":{"a":0,"k":[100,100],"ix":3},"r":{"a":0,"k":0,"ix":6},"o":{"a":0,"k":100,"ix":7},"sk":{"a":0,"k":0,"ix":4},"sa":{"a":0,"k":0,"ix":5},"nm":"Transform"}],"nm":"Group 3","np":3,"cix":2,"bm":0,"ix":3,"mn":"ADBE Vector Group","hd":false},{"ty":"gr","it":[{"ind":0,"ty":"sh","ix":1,"ks":{"a":0,"k":{"i":[[0,0],[0,0],[0,0],[0,0]],"o":[[0,0],[0,0],[0,0],[0,0]],"v":[[16.514,19.005],[16.514,-19.005],[-15.137,-2.72],[-16.514,16.15]],"c":false},"ix":2},"nm":"Path 1","mn":"ADBE Vector Shape - Group","hd":false},{"ty":"st","c":{"a":0,"k":[0,0,0,1],"ix":3},"o":{"a":0,"k":100,"ix":4},"w":{"a":0,"k":4,"ix":5},"lc":2,"lj":1,"ml":10,"bm":0,"nm":"Stroke 1","mn":"ADBE Vector Graphic - Stroke","hd":false},{"ty":"fl","c":{"a":0,"k":[1,1,1,1],"ix":4},"o":{"a":0,"k":100,"ix":5},"r":1,"bm":0,"nm":"Fill 1","mn":"ADBE Vector Graphic - Fill","hd":false},{"ty":"tr","p":{"a":0,"k":[125.073,95.799],"ix":2},"a":{"a":0,"k":[0,0],"ix":1},"s":{"a":0,"k":[100,100],"ix":3},"r":{"a":0,"k":0,"ix":6},"o":{"a":0,"k":100,"ix":7},"sk":{"a":0,"k":0,"ix":4},"sa":{"a":0,"k":0,"ix":5},"nm":"Transform"}],"nm":"Group 4","np":3,"cix":2,"bm":0,"ix":4,"mn":"ADBE Vector Group","hd":false},{"ty":"gr","it":[{"ind":0,"ty":"sh","ix":1,"ks":{"a":0,"k":{"i":[[0,0],[-6.298,-6.819],[-18.288,0],[-5.684,7.056],[0,0]],"o":[[0,0],[5.741,6.217],[18.288,0],[5.685,-7.056],[0,0]],"v":[[-33.483,-15.137],[-31.267,6.82],[-1.782,17.643],[31.88,4.883],[32.892,-17.643]],"c":false},"ix":2},"nm":"Path 1","mn":"ADBE Vector Shape - Group","hd":false},{"ty":"st","c":{"a":0,"k":[0,0,0,1],"ix":3},"o":{"a":0,"k":100,"ix":4},"w":{"a":0,"k":4,"ix":5},"lc":1,"lj":1,"ml":10,"bm":0,"nm":"Stroke 1","mn":"ADBE Vector Graphic - Stroke","hd":false},{"ty":"tr","p":{"a":0,"k":[124.907,117.52],"ix":2},"a":{"a":0,"k":[0,0],"ix":1},"s":{"a":0,"k":[100,100],"ix":3},"r":{"a":0,"k":0,"ix":6},"o":{"a":0,"k":100,"ix":7},"sk":{"a":0,"k":0,"ix":4},"sa":{"a":0,"k":0,"ix":5},"nm":"Transform"}],"nm":"Group 5","np":2,"cix":2,"bm":0,"ix":5,"mn":"ADBE Vector Group","hd":false},{"ty":"gr","it":[{"ind":0,"ty":"sh","ix":1,"ks":{"a":0,"k":{"i":[[0,0],[0,0]],"o":[[0,0],[0,0]],"v":[[-15.525,16.296],[15.525,-16.296]],"c":false},"ix":2},"nm":"Path 1","mn":"ADBE Vector Shape - Group","hd":false},{"ty":"st","c":{"a":0,"k":[0,0,0,1],"ix":3},"o":{"a":0,"k":100,"ix":4},"w":{"a":0,"k":4,"ix":5},"lc":2,"lj":1,"ml":10,"bm":0,"nm":"Stroke 1","mn":"ADBE Vector Graphic - Stroke","hd":false},{"ty":"tr","p":{"a":0,"k":[48.704,233.044],"ix":2},"a":{"a":0,"k":[0,0],"ix":1},"s":{"a":0,"k":[100,100],"ix":3},"r":{"a":0,"k":0,"ix":6},"o":{"a":0,"k":100,"ix":7},"sk":{"a":0,"k":0,"ix":4},"sa":{"a":0,"k":0,"ix":5},"nm":"Transform"}],"nm":"Group 6","np":2,"cix":2,"bm":0,"ix":6,"mn":"ADBE Vector Group","hd":false},{"ty":"gr","it":[{"ind":0,"ty":"sh","ix":1,"ks":{"a":0,"k":{"i":[[0,0],[0,-9.273],[-3.853,-5.394],[0,0]],"o":[[0,0],[0,9.273],[3.853,5.394],[0,0]],"v":[[2.839,-45.796],[-6.133,-12.899],[2.281,13.203],[6.133,45.796]],"c":false},"ix":2},"nm":"Path 1","mn":"ADBE Vector Shape - Group","hd":false},{"ty":"st","c":{"a":0,"k":[0,0,0,1],"ix":3},"o":{"a":0,"k":100,"ix":4},"w":{"a":0,"k":4,"ix":5},"lc":2,"lj":1,"ml":10,"bm":0,"nm":"Stroke 1","mn":"ADBE Vector Graphic - Stroke","hd":false},{"ty":"tr","p":{"a":0,"k":[61.948,203.544],"ix":2},"a":{"a":0,"k":[0,0],"ix":1},"s":{"a":0,"k":[100,100],"ix":3},"r":{"a":0,"k":0,"ix":6},"o":{"a":0,"k":100,"ix":7},"sk":{"a":0,"k":0,"ix":4},"sa":{"a":0,"k":0,"ix":5},"nm":"Transform"}],"nm":"Group 7","np":2,"cix":2,"bm":0,"ix":7,"mn":"ADBE Vector Group","hd":false},{"ty":"gr","it":[{"ind":0,"ty":"sh","ix":1,"ks":{"a":0,"k":{"i":[[0,0],[0,0]],"o":[[0,0],[0,0]],"v":[[-2.749,20.705],[2.749,-20.705]],"c":false},"ix":2},"nm":"Path 1","mn":"ADBE Vector Shape - Group","hd":false},{"ty":"st","c":{"a":0,"k":[0,0,0,1],"ix":3},"o":{"a":0,"k":100,"ix":4},"w":{"a":0,"k":4,"ix":5},"lc":2,"lj":1,"ml":10,"bm":0,"nm":"Stroke 1","mn":"ADBE Vector Graphic - Stroke","hd":false},{"ty":"tr","p":{"a":0,"k":[182.328,216.747],"ix":2},"a":{"a":0,"k":[0,0],"ix":1},"s":{"a":0,"k":[100,100],"ix":3},"r":{"a":0,"k":0,"ix":6},"o":{"a":0,"k":100,"ix":7},"sk":{"a":0,"k":0,"ix":4},"sa":{"a":0,"k":0,"ix":5},"nm":"Transform"}],"nm":"Group 8","np":2,"cix":2,"bm":0,"ix":8,"mn":"ADBE Vector Group","hd":false},{"ty":"gr","it":[{"ind":0,"ty":"sh","ix":1,"ks":{"a":0,"k":{"i":[[0,0],[-12.689,11.631],[-24.532,0.211],[-15.226,-11.632],[-7.19,-11.843],[-1.269,-6.979],[5.075,-4.864],[15.437,-0.423],[0,0],[0.736,5.287],[0,0],[-20.399,-1.395]],"o":[[0,0],[12.689,-11.631],[24.531,-0.212],[15.226,11.631],[7.191,11.842],[1.268,6.978],[-5.076,4.864],[-15.438,0.423],[0,0],[-0.736,-5.287],[0,0],[0,0]],"v":[[-126.146,31.933],[-77.93,-53.081],[-13.852,-82.899],[49.592,-64.712],[79.833,-30.241],[121.071,45.468],[121.071,68.519],[96.751,77.401],[-10.892,83.111],[-4.869,73.171],[-15.107,61.723],[88.324,46.736]],"c":false},"ix":2},"nm":"Path 1","mn":"ADBE Vector Shape - Group","hd":false},{"ty":"st","c":{"a":0,"k":[0,0,0,1],"ix":3},"o":{"a":0,"k":100,"ix":4},"w":{"a":0,"k":4,"ix":5},"lc":2,"lj":2,"bm":0,"nm":"Stroke 1","mn":"ADBE Vector Graphic - Stroke","hd":false},{"ty":"tr","p":{"a":0,"k":[136.146,186.094],"ix":2},"a":{"a":0,"k":[0,0],"ix":1},"s":{"a":0,"k":[100,100],"ix":3},"r":{"a":0,"k":0,"ix":6},"o":{"a":0,"k":100,"ix":7},"sk":{"a":0,"k":0,"ix":4},"sa":{"a":0,"k":0,"ix":5},"nm":"Transform"}],"nm":"Group 9","np":2,"cix":2,"bm":0,"ix":9,"mn":"ADBE Vector Group","hd":false},{"ty":"gr","it":[{"ind":0,"ty":"sh","ix":1,"ks":{"a":0,"k":{"i":[[1.28,6.96],[7.2,11.84],[15.24,11.64],[9.48,3.04],[0.921,-1.8],[20.52,-1.6],[2.72,5.36],[0.12,2],[6.959,-6.36],[0,0],[0,0],[0,0],[0,0],[0,0],[0,0],[-0.092,1.438],[-5.914,-0.798],[0,0],[0,0],[-0.44,-3.16],[0,0],[-15.44,0.44],[-5.08,4.88]],"o":[[-1.24,-7],[-7.16,-11.84],[-6.8,-5.16],[-1.04,4.72],[-1.559,3.16],[-20.52,1.56],[-1.2,-2.4],[-12.72,6.24],[-12.681,11.64],[0,0],[0,0],[0,0],[0,0],[0,0],[1.439,0.079],[0.098,-1.514],[17.42,2.349],[0,0],[2.8,2.28],[0.72,5.32],[0,0],[15.44,-0.4],[5.08,-4.88]],"v":[[121.06,51.531],[79.82,-24.189],[49.58,-62.669],[24.681,-77.171],[21.459,-70.708],[-12.86,-56.868],[-45.22,-73.068],[-46.922,-75.274],[-73.729,-53.193],[-126.14,41.971],[-120.531,55.508],[-101.686,55.228],[-72.06,24.812],[-67.34,57.572],[-57.723,58.1],[-54.777,55.749],[-42.86,54.411],[-18.38,59.531],[-11.74,58.251],[-4.86,67.212],[-10.9,77.171],[96.74,71.451],[121.06,62.572]],"c":true},"ix":2},"nm":"Path 1","mn":"ADBE Vector Shape - Group","hd":false},{"ind":1,"ty":"sh","ix":2,"ks":{"a":0,"k":{"i":[[0,0],[0,0],[0,0]],"o":[[0,0],[0,0],[0,0]],"v":[[43.18,50.132],[48.7,3.891],[79.1,45.372]],"c":true},"ix":2},"nm":"Path 2","mn":"ADBE Vector Shape - Group","hd":false},{"ty":"mm","mm":1,"nm":"Merge Paths 1","mn":"ADBE Vector Filter - Merge","hd":false},{"ty":"fl","c":{"a":0,"k":[0.533333333333,0.882352941176,0.737254901961,1],"ix":4},"o":{"a":0,"k":100,"ix":5},"r":1,"bm":0,"nm":"Fill 1","mn":"ADBE Vector Graphic - Fill","hd":false},{"ty":"tr","p":{"a":0,"k":[136.144,192.038],"ix":2},"a":{"a":0,"k":[0,0],"ix":1},"s":{"a":0,"k":[100,100],"ix":3},"r":{"a":0,"k":0,"ix":6},"o":{"a":0,"k":100,"ix":7},"sk":{"a":0,"k":0,"ix":4},"sa":{"a":0,"k":0,"ix":5},"nm":"Transform"}],"nm":"Group 10","np":4,"cix":2,"bm":0,"ix":10,"mn":"ADBE Vector Group","hd":false},{"ty":"gr","it":[{"ind":0,"ty":"sh","ix":1,"ks":{"a":0,"k":{"i":[[0,0],[-12.689,11.631],[-24.532,0.211],[-15.226,-11.632],[-7.19,-11.843],[-1.269,-6.979],[5.075,-4.864],[15.437,-0.423],[0,0],[0.736,5.287],[0,0],[-20.399,-1.395]],"o":[[0,0],[12.689,-11.631],[24.531,-0.212],[15.226,11.631],[7.191,11.842],[1.268,6.978],[-5.076,4.864],[-15.438,0.423],[0,0],[-0.736,-5.287],[0,0],[0,0]],"v":[[-126.146,31.933],[-77.93,-53.081],[-13.852,-82.899],[49.592,-64.712],[79.833,-30.241],[121.071,45.468],[121.071,68.519],[96.751,77.401],[-10.892,83.111],[-4.869,73.171],[-15.107,61.723],[88.324,46.736]],"c":false},"ix":2},"nm":"Path 1","mn":"ADBE Vector Shape - Group","hd":false},{"ty":"fl","c":{"a":0,"k":[1,1,1,1],"ix":4},"o":{"a":0,"k":100,"ix":5},"r":1,"bm":0,"nm":"Fill 1","mn":"ADBE Vector Graphic - Fill","hd":false},{"ty":"tr","p":{"a":0,"k":[136.146,186.094],"ix":2},"a":{"a":0,"k":[0,0],"ix":1},"s":{"a":0,"k":[100,100],"ix":3},"r":{"a":0,"k":0,"ix":6},"o":{"a":0,"k":100,"ix":7},"sk":{"a":0,"k":0,"ix":4},"sa":{"a":0,"k":0,"ix":5},"nm":"Transform"}],"nm":"Group 11","np":2,"cix":2,"bm":0,"ix":11,"mn":"ADBE Vector Group","hd":false}],"ip":0,"op":241,"st":0,"bm":0},{"ddd":0,"ind":7,"ty":4,"nm":"hair/streaming_woman_layers Outlines","sr":1,"ks":{"o":{"a":0,"k":100,"ix":11},"r":{"a":0,"k":0,"ix":10},"p":{"a":1,"k":[{"i":{"x":0.6,"y":1},"o":{"x":0.4,"y":0},"t":0,"s":[397,251,0],"to":[0,-1,0],"ti":[0,0,0]},{"i":{"x":0.6,"y":1},"o":{"x":0.4,"y":0},"t":120,"s":[397,245,0],"to":[0,0,0],"ti":[0,-1,0]},{"t":240,"s":[397,251,0]}],"ix":2},"a":{"a":0,"k":[87.5,73.5,0],"ix":1},"s":{"a":0,"k":[100,100,100],"ix":6}},"ao":0,"shapes":[{"ty":"gr","it":[{"ind":0,"ty":"sh","ix":1,"ks":{"a":0,"k":{"i":[[0,0],[-0.225,5.852],[-0.45,9.135],[-2.652,11.704],[0,12.605],[-0.499,13.505],[-9.679,2.926],[-4.277,8.554],[-13.496,-0.901],[-5.146,-16.725],[-0.226,-6.077],[-7.428,-4.502],[-8.329,-4.32],[1.575,-5.177],[-0.159,-6.337],[1.351,-24.084],[0,0]],"o":[[0,0],[0.225,-5.853],[0.45,-9.134],[0,0],[0,-12.605],[0.499,-13.506],[9.679,-2.926],[4.277,-8.553],[13.495,0.9],[5.28,17.159],[0.225,6.078],[7.428,4.502],[8.328,4.32],[-1.576,5.177],[0.225,9.003],[-1.351,24.085],[0,0]],"v":[[-101.878,80.954],[-104.579,64.973],[-93.775,39.893],[-103.003,15.228],[-84.711,-15.131],[-101.008,-49.868],[-82.296,-72.333],[-53.405,-91.038],[-20.611,-106.546],[31.507,-76.457],[35.796,-47.724],[42.18,-31.366],[78.87,-16.103],[86.523,1.722],[78.645,20.18],[104.304,69.249],[74.424,107.447]],"c":true},"ix":2},"nm":"Path 1","mn":"ADBE Vector Shape - Group","hd":false},{"ty":"fl","c":{"a":0,"k":[0,0,0,1],"ix":4},"o":{"a":0,"k":100,"ix":5},"r":1,"bm":0,"nm":"Fill 1","mn":"ADBE Vector Graphic - Fill","hd":false},{"ty":"tr","p":{"a":0,"k":[116.479,122.657],"ix":2},"a":{"a":0,"k":[0,0],"ix":1},"s":{"a":0,"k":[100,100],"ix":3},"r":{"a":0,"k":0,"ix":6},"o":{"a":0,"k":100,"ix":7},"sk":{"a":0,"k":0,"ix":4},"sa":{"a":0,"k":0,"ix":5},"nm":"Transform"}],"nm":"Group 1","np":2,"cix":2,"bm":0,"ix":1,"mn":"ADBE Vector Group","hd":false},{"ty":"gr","it":[{"ind":0,"ty":"sh","ix":1,"ks":{"a":0,"k":{"i":[[0,0],[-0.225,5.852],[-0.45,9.135],[-1.527,10.568],[0,12.605],[-0.499,13.506],[-9.679,2.926],[-4.276,8.554],[-13.496,-0.9],[-9.004,-15.532],[-0.225,-6.078],[-7.428,-4.502],[-8.329,-4.32],[1.576,-5.177],[-0.159,-6.337],[1.351,-24.084],[0,0]],"o":[[0,0],[0.225,-5.853],[0.45,-9.134],[1.526,-10.569],[0,-12.605],[0.5,-13.505],[9.679,-2.926],[4.277,-8.553],[13.495,0.901],[9.004,15.531],[0.225,6.077],[7.428,4.502],[8.328,4.32],[-1.576,5.177],[0.225,9.003],[-1.351,24.085],[0,0]],"v":[[-102.304,80.954],[-105.005,64.973],[-94.201,39.893],[-103.429,15.228],[-87.898,-14.259],[-100.778,-47.798],[-82.721,-72.333],[-56.836,-92.591],[-21.036,-106.547],[29.374,-81.111],[36.352,-51.399],[41.754,-31.366],[78.444,-16.103],[86.097,1.722],[78.219,20.18],[103.879,69.249],[73.999,107.447]],"c":true},"ix":2},"nm":"Path 1","mn":"ADBE Vector Shape - Group","hd":false},{"ty":"st","c":{"a":0,"k":[0,0,0,1],"ix":3},"o":{"a":0,"k":100,"ix":4},"w":{"a":0,"k":4,"ix":5},"lc":2,"lj":1,"ml":10,"bm":0,"nm":"Stroke 1","mn":"ADBE Vector Graphic - Stroke","hd":false},{"ty":"fl","c":{"a":0,"k":[1,1,1,1],"ix":4},"o":{"a":0,"k":100,"ix":5},"r":1,"bm":0,"nm":"Fill 1","mn":"ADBE Vector Graphic - Fill","hd":false},{"ty":"tr","p":{"a":0,"k":[115.23,117.447],"ix":2},"a":{"a":0,"k":[0,0],"ix":1},"s":{"a":0,"k":[100,100],"ix":3},"r":{"a":0,"k":0,"ix":6},"o":{"a":0,"k":100,"ix":7},"sk":{"a":0,"k":0,"ix":4},"sa":{"a":0,"k":0,"ix":5},"nm":"Transform"}],"nm":"Group 2","np":3,"cix":2,"bm":0,"ix":2,"mn":"ADBE Vector Group","hd":false}],"ip":0,"op":241,"st":0,"bm":0},{"ddd":0,"ind":8,"ty":4,"nm":"table 2 Outlines","sr":1,"ks":{"o":{"a":0,"k":100,"ix":11},"r":{"a":0,"k":0,"ix":10},"p":{"a":0,"k":[390.445,510.184,0],"ix":2},"a":{"a":0,"k":[271.771,48.388,0],"ix":1},"s":{"a":0,"k":[100,100,100],"ix":6}},"ao":0,"shapes":[{"ty":"gr","it":[{"ind":0,"ty":"sh","ix":1,"ks":{"a":0,"k":{"i":[[0,0],[-58.378,-1.154],[0,0]],"o":[[0,0],[58.379,1.153],[0,0]],"v":[[-261.771,6.652],[-78.38,-5.498],[261.771,6.652]],"c":false},"ix":2},"nm":"Path 1","mn":"ADBE Vector Shape - Group","hd":false},{"ty":"st","c":{"a":0,"k":[0,0,0,1],"ix":3},"o":{"a":0,"k":100,"ix":4},"w":{"a":0,"k":4,"ix":5},"lc":2,"lj":2,"bm":0,"nm":"Stroke 1","mn":"ADBE Vector Graphic - Stroke","hd":false},{"ty":"tr","p":{"a":0,"k":[271.771,16.652],"ix":2},"a":{"a":0,"k":[0,0],"ix":1},"s":{"a":0,"k":[100,100],"ix":3},"r":{"a":0,"k":0,"ix":6},"o":{"a":0,"k":100,"ix":7},"sk":{"a":0,"k":0,"ix":4},"sa":{"a":0,"k":0,"ix":5},"nm":"Transform"}],"nm":"Group 1","np":2,"cix":2,"bm":0,"ix":1,"mn":"ADBE Vector Group","hd":false},{"ty":"gr","it":[{"ind":0,"ty":"sh","ix":1,"ks":{"a":0,"k":{"i":[[-38.556,23.464],[58.379,1.154],[0,0],[-127.055,-1.006]],"o":[[0,0],[-58.378,-1.153],[38.65,23.524],[131.71,1.044]],"v":[[261.771,-30.626],[-78.38,-42.777],[-261.771,-30.626],[-3.989,42.831]],"c":true},"ix":2},"nm":"Path 1","mn":"ADBE Vector Shape - Group","hd":false},{"ty":"fl","c":{"a":0,"k":[0.835294117647,0.941176470588,0.913725490196,1],"ix":4},"o":{"a":0,"k":100,"ix":5},"r":1,"bm":0,"nm":"Fill 1","mn":"ADBE Vector Graphic - Fill","hd":false},{"ty":"tr","p":{"a":0,"k":[271.771,53.929],"ix":2},"a":{"a":0,"k":[0,0],"ix":1},"s":{"a":0,"k":[100,100],"ix":3},"r":{"a":0,"k":0,"ix":6},"o":{"a":0,"k":100,"ix":7},"sk":{"a":0,"k":0,"ix":4},"sa":{"a":0,"k":0,"ix":5},"nm":"Transform"}],"nm":"Group 2","np":4,"cix":2,"bm":0,"ix":2,"mn":"ADBE Vector Group","hd":false}],"ip":0,"op":241,"st":0,"bm":0},{"ddd":0,"ind":9,"ty":4,"nm":"wiggle Outlines 2","sr":1,"ks":{"o":{"a":0,"k":100,"ix":11},"r":{"a":0,"k":0,"ix":10},"p":{"a":0,"k":[383.49,304.054,0],"ix":2},"a":{"a":0,"k":[303.379,201.544,0],"ix":1},"s":{"a":0,"k":[100,100,100],"ix":6}},"ao":0,"shapes":[{"ty":"gr","it":[{"ind":0,"ty":"sh","ix":1,"ks":{"a":1,"k":[{"i":{"x":0.6,"y":1},"o":{"x":0.4,"y":0},"t":0,"s":[{"i":[[0,0],[1.595,39.504],[-14.79,39.626],[-42.105,26.548],[-79.532,13.423],[-51.667,-2.488],[-27.16,-25.108],[-11.452,-33.713],[0.125,-31.48],[2.971,-10.541]],"o":[[-1.512,-2.028],[-1.351,-33.453],[14.127,-37.849],[41.332,-26.061],[57.588,-9.719],[49.508,2.384],[29.47,27.244],[12.777,37.613],[-0.123,31.208],[0,0]],"v":[[-259.773,176.858],[-298.551,103.744],[-228.107,-4.621],[-195.996,-118.353],[-14.078,-189.419],[105.177,-117.649],[262.056,-91.646],[247.63,59.482],[299.097,128.861],[270.008,182.127]],"c":false}]},{"i":{"x":0.6,"y":1},"o":{"x":0.4,"y":0},"t":119,"s":[{"i":[[0,0],[1.595,39.504],[9.373,41.244],[-61.428,-20.984],[-79.532,13.423],[-51.667,-2.488],[-27.16,-25.108],[-11.452,-33.713],[0.125,-31.48],[2.971,-10.541]],"o":[[-1.512,-2.028],[-1.351,-33.453],[-20.45,-89.983],[46.239,15.795],[57.588,-9.719],[49.508,2.384],[29.47,27.244],[12.777,37.613],[-0.124,31.208],[0,0]],"v":[[-259.773,176.858],[-288.084,92.21],[-210.04,-22.155],[-75.062,-173.153],[68.255,-188.952],[188.11,-97.049],[283.723,-18.58],[258.83,77.615],[294.963,144.261],[270.008,182.127]],"c":false}]},{"t":241,"s":[{"i":[[0,0],[1.595,39.504],[-14.79,39.626],[-42.105,26.548],[-79.532,13.423],[-51.667,-2.488],[-27.16,-25.108],[-11.452,-33.713],[0.125,-31.48],[2.971,-10.541]],"o":[[-1.512,-2.028],[-1.351,-33.453],[14.127,-37.849],[41.332,-26.061],[57.588,-9.719],[49.508,2.384],[29.47,27.244],[12.777,37.613],[-0.123,31.208],[0,0]],"v":[[-259.773,176.858],[-298.551,103.744],[-228.107,-4.621],[-195.996,-118.353],[-14.078,-189.419],[105.177,-117.649],[262.056,-91.646],[247.63,59.482],[299.097,128.861],[270.008,182.127]],"c":false}]}],"ix":2},"nm":"Path 1","mn":"ADBE Vector Shape - Group","hd":false},{"ty":"st","c":{"a":0,"k":[0.835294117647,0.941176470588,0.913725490196,1],"ix":3},"o":{"a":0,"k":100,"ix":4},"w":{"a":0,"k":8,"ix":5},"lc":2,"lj":1,"ml":10,"bm":0,"d":[{"n":"d","nm":"dash","v":{"a":0,"k":0.398,"ix":1}},{"n":"g","nm":"gap","v":{"a":0,"k":15.901,"ix":2}},{"n":"o","nm":"offset","v":{"a":0,"k":0,"ix":7}}],"nm":"Stroke 1","mn":"ADBE Vector Graphic - Stroke","hd":false},{"ty":"tr","p":{"a":0,"k":[303.379,197.628],"ix":2},"a":{"a":0,"k":[0,0],"ix":1},"s":{"a":0,"k":[100,100],"ix":3},"r":{"a":0,"k":0,"ix":6},"o":{"a":0,"k":100,"ix":7},"sk":{"a":0,"k":0,"ix":4},"sa":{"a":0,"k":0,"ix":5},"nm":"Transform"}],"nm":"Group 2","np":2,"cix":2,"bm":0,"ix":1,"mn":"ADBE Vector Group","hd":false}],"ip":0,"op":241,"st":0,"bm":0}],"markers":[]}