{"v":"4.8.0","meta":{"g":"LottieFiles AE ","a":"","k":"","d":"","tc":""},"fr":60,"ip":0,"op":240,"w":784,"h":608,"nm":"lottie_streaming_on","ddd":0,"assets":[{"id":"comp_0","layers":[{"ddd":0,"ind":1,"ty":4,"nm":"dollar sign","parent":2,"sr":1,"ks":{"o":{"a":0,"k":100,"ix":11},"r":{"a":0,"k":0,"ix":10},"p":{"a":0,"k":[61,61,0],"ix":2},"a":{"a":0,"k":[20.5,36,0],"ix":1},"s":{"a":1,"k":[{"i":{"x":[0,0,0],"y":[1,1,1]},"o":{"x":[0.167,0.167,0.167],"y":[0.167,0.167,16.667]},"t":16,"s":[0,0,100]},{"i":{"x":[0.833,0.833,0.833],"y":[0.833,0.833,1]},"o":{"x":[1,1,1],"y":[0,0,0]},"t":30,"s":[100,100,100]},{"t":47,"s":[0,0,100]}],"ix":6}},"ao":0,"shapes":[{"ty":"gr","it":[{"ind":0,"ty":"sh","ix":1,"ks":{"a":0,"k":{"i":[[0,3.394],[-4.687,0.89],[0,0]],"o":[[0,-3.959],[0,0],[-5.495,-1.05]],"v":[[-9.576,-12.161],[-2.142,-20.161],[-2.142,-4.808]],"c":true},"ix":2},"nm":"Path 1","mn":"ADBE Vector Shape - Group","hd":false},{"ind":1,"ty":"sh","ix":2,"ks":{"a":0,"k":{"i":[[0,-3.393],[5.253,-0.969],[0,0]],"o":[[0,3.717],[0,0],[5.253,1.212]],"v":[[11.837,12.322],[4.16,20.16],[4.16,4.565]],"c":true},"ix":2},"nm":"Path 2","mn":"ADBE Vector Shape - Group","hd":false},{"ind":2,"ty":"sh","ix":3,"ks":{"a":0,"k":{"i":[[0,0],[0,0],[0,7.192],[8.97,1.778],[0,0],[0,0],[-0.484,-3.071],[0,0],[9.939,1.292],[0,0],[0,0],[0,0],[0,-7.676],[-8.242,-1.697],[0,0],[0,0],[0.485,5.171],[0,0],[-11.232,-1.131],[0,0]],"o":[[0,0],[10.263,-1.212],[0,-7.272],[0,0],[0,0],[4.929,1.374],[0,0],[-1.293,-5.253],[0,0],[0,0],[0,0],[-9.05,1.131],[0,7.919],[0,0],[0,0],[-6.384,-1.131],[0,0],[0.889,7.111],[0,0],[0,0]],"v":[[4.16,35.675],[4.16,27.271],[19.757,11.918],[5.372,-3.111],[4.16,-3.353],[4.16,-19.918],[11.998,-11.272],[19.271,-13.938],[4.16,-27.109],[4.16,-35.675],[-2.142,-35.675],[-2.142,-27.19],[-17.576,-11.838],[-4.162,2.868],[-2.142,3.273],[-2.142,20.16],[-12.081,8.848],[-19.757,11.272],[-2.142,27.271],[-2.142,35.675]],"c":true},"ix":2},"nm":"Path 3","mn":"ADBE Vector Shape - Group","hd":false},{"ty":"fl","c":{"a":0,"k":[1,1,1,1],"ix":4},"o":{"a":0,"k":100,"ix":5},"r":1,"bm":0,"nm":"Fill 1","mn":"ADBE Vector Graphic - Fill","hd":false},{"ty":"tr","p":{"a":0,"k":[20.007,35.925],"ix":2},"a":{"a":0,"k":[0,0],"ix":1},"s":{"a":0,"k":[100,100],"ix":3},"r":{"a":0,"k":0,"ix":6},"o":{"a":0,"k":100,"ix":7},"sk":{"a":0,"k":0,"ix":4},"sa":{"a":0,"k":0,"ix":5},"nm":"Transform"}],"nm":"Group 1","np":4,"cix":2,"bm":0,"ix":1,"mn":"ADBE Vector Group","hd":false}],"ip":0,"op":61,"st":0,"bm":0},{"ddd":0,"ind":2,"ty":4,"nm":"circle","sr":1,"ks":{"o":{"a":0,"k":100,"ix":11},"r":{"a":0,"k":0,"ix":10},"p":{"a":0,"k":[100,100,0],"ix":2},"a":{"a":0,"k":[61,61,0],"ix":1},"s":{"a":1,"k":[{"i":{"x":[0.65,0.65,0.65],"y":[1,1,1]},"o":{"x":[0.167,0.167,0.167],"y":[0.167,0.167,16.667]},"t":0,"s":[0,0,100]},{"i":{"x":[0.833,0.833,0.833],"y":[0.833,0.833,1]},"o":{"x":[0.35,0.35,0.35],"y":[0,0,0]},"t":30,"s":[100,100,100]},{"t":60,"s":[0,0,100]}],"ix":6}},"ao":0,"shapes":[{"ty":"gr","it":[{"ind":0,"ty":"sh","ix":1,"ks":{"a":0,"k":{"i":[[-33.47,0],[0,-33.469],[33.47,0],[0,33.47]],"o":[[33.47,0],[0,33.47],[-33.47,0],[0,-33.469]],"v":[[0,-60.603],[60.602,0],[0,60.603],[-60.602,0]],"c":true},"ix":2},"nm":"Path 1","mn":"ADBE Vector Shape - Group","hd":false},{"ty":"fl","c":{"a":0,"k":[0,0.85882358925,0.623529411765,1],"ix":4},"o":{"a":0,"k":100,"ix":5},"r":1,"bm":0,"nm":"Fill 1","mn":"ADBE Vector Graphic - Fill","hd":false},{"ty":"tr","p":{"a":0,"k":[60.852,60.852],"ix":2},"a":{"a":0,"k":[0,0],"ix":1},"s":{"a":0,"k":[100,100],"ix":3},"r":{"a":0,"k":0,"ix":6},"o":{"a":0,"k":100,"ix":7},"sk":{"a":0,"k":0,"ix":4},"sa":{"a":0,"k":0,"ix":5},"nm":"Transform"}],"nm":"Group 1","np":2,"cix":2,"bm":0,"ix":1,"mn":"ADBE Vector Group","hd":false}],"ip":0,"op":61,"st":0,"bm":0}]}],"layers":[{"ddd":0,"ind":1,"ty":4,"nm":"stream 2","sr":1,"ks":{"o":{"a":0,"k":100,"ix":11},"r":{"a":0,"k":0,"ix":10},"p":{"a":0,"k":[392,304,0],"ix":2},"a":{"a":0,"k":[0,0,0],"ix":1},"s":{"a":0,"k":[100,100,100],"ix":6}},"ao":0,"shapes":[{"ty":"gr","it":[{"ind":0,"ty":"sh","ix":1,"ks":{"a":1,"k":[{"i":{"x":0.833,"y":0.833},"o":{"x":0.167,"y":0.167},"t":0,"s":[{"i":[[0,0],[-0.146,2.391],[0.652,2.384],[0.804,3.013],[0.078,2.764],[-0.769,3.075],[-1.28,2.693],[-0.669,2.563],[0.034,1.607]],"o":[[0.542,-2.333],[0.15,-2.466],[-0.823,-3.008],[-0.713,-2.672],[-0.089,-3.168],[0.723,-2.892],[1.137,-2.392],[0.601,-2.304],[0,0]],"v":[[178.25,121.75],[179.875,114.75],[179.125,107.375],[175.5,98.75],[174.625,90.5],[175,81],[179,73],[182.25,65.75],[182.75,58.625]],"c":false}]},{"i":{"x":0.833,"y":0.833},"o":{"x":0.167,"y":0.167},"t":58,"s":[{"i":[[0,0],[0.694,2.538],[0.077,2.474],[-0.771,2.772],[-1.232,2.757],[-0.842,3.323],[-0.045,2.724],[0.777,2.21],[1.119,1.444]],"o":[[-1.042,-2.417],[-0.653,-2.388],[-0.09,-2.876],[0.809,-2.909],[1.399,-3.13],[0.669,-2.64],[0.039,-2.342],[-0.893,-2.542],[0,0]],"v":[[178.25,121.75],[175.125,114.5],[174.25,107.125],[174.625,98.5],[178.875,90.5],[182.5,80.875],[183.375,72.75],[182.75,65.75],[178.5,58.875]],"c":false}]},{"i":{"x":0.833,"y":0.833},"o":{"x":0.167,"y":0.167},"t":120,"s":[{"i":[[0,0],[-0.086,2.608],[-1.142,2.54],[-0.766,3.016],[0.171,2.619],[0.885,3.021],[1.211,2.765],[0.518,2.438],[-0.04,1.6]],"o":[[-0.875,-2.458],[0.092,-2.784],[1.276,-2.838],[0.646,-2.544],[-0.205,-3.141],[-0.848,-2.897],[-1,-2.283],[-0.494,-2.326],[0,0]],"v":[[178.25,121.75],[175.625,114.375],[178.75,106.625],[182.875,98.25],[182.875,90.375],[181.75,81],[177.75,72.875],[175.125,65.875],[174.75,58.75]],"c":false}]},{"i":{"x":0.833,"y":0.917},"o":{"x":0.167,"y":0.167},"t":180,"s":[{"i":[[0,0],[-0.963,2.669],[0.021,2.658],[0.882,2.645],[1.038,2.755],[0.588,3.18],[-0.025,2.973],[-0.603,1.979],[-0.753,1.524]],"o":[[1.417,-2.458],[0.902,-2.5],[-0.022,-2.788],[-0.931,-2.793],[-1.14,-3.026],[-0.541,-2.923],[0.017,-2.069],[0.74,-2.428],[0,0]],"v":[[178.25,121.75],[182.5,114.375],[183.75,106.5],[182.375,98.25],[178.375,90.375],[175.875,81],[175,72.125],[176,66],[179,59]],"c":false}]},{"t":240,"s":[{"i":[[0,0],[-0.146,2.391],[0.652,2.384],[0.804,3.013],[0.078,2.764],[-0.769,3.075],[-1.28,2.693],[-0.669,2.563],[0.034,1.607]],"o":[[0.542,-2.333],[0.15,-2.466],[-0.823,-3.008],[-0.713,-2.672],[-0.089,-3.168],[0.723,-2.892],[1.137,-2.392],[0.601,-2.304],[0,0]],"v":[[178.25,121.75],[179.875,114.75],[179.125,107.375],[175.5,98.75],[174.625,90.5],[175,81],[179,73],[182.25,65.75],[182.75,58.625]],"c":false}]}],"ix":2},"nm":"Path 1","mn":"ADBE Vector Shape - Group","hd":false},{"ty":"st","c":{"a":0,"k":[0,0,0,1],"ix":3},"o":{"a":0,"k":100,"ix":4},"w":{"a":0,"k":4,"ix":5},"lc":2,"lj":1,"ml":4,"bm":0,"nm":"Stroke 1","mn":"ADBE Vector Graphic - Stroke","hd":false},{"ty":"tr","p":{"a":0,"k":[0,0],"ix":2},"a":{"a":0,"k":[0,0],"ix":1},"s":{"a":0,"k":[100,100],"ix":3},"r":{"a":0,"k":0,"ix":6},"o":{"a":0,"k":100,"ix":7},"sk":{"a":0,"k":0,"ix":4},"sa":{"a":0,"k":0,"ix":5},"nm":"Transform"}],"nm":"Shape 1","np":3,"cix":2,"bm":0,"ix":1,"mn":"ADBE Vector Group","hd":false}],"ip":0,"op":601,"st":0,"bm":0},{"ddd":0,"ind":2,"ty":4,"nm":"cup Outlines","sr":1,"ks":{"o":{"a":0,"k":100,"ix":11},"r":{"a":0,"k":0,"ix":10},"p":{"a":0,"k":[578.311,463.405,0],"ix":2},"a":{"a":0,"k":[38.709,38.61,0],"ix":1},"s":{"a":0,"k":[100,100,100],"ix":6}},"ao":0,"shapes":[{"ty":"gr","it":[{"ind":0,"ty":"sh","ix":1,"ks":{"a":0,"k":{"i":[[0,0],[13.704,0],[0,0],[0,0],[-2.261,0],[0,0],[0,-2.261]],"o":[[0,0],[-13.705,0],[0,0],[0,-2.261],[0,0],[2.261,0],[0,0]],"v":[[19.707,25.41],[0,28.609],[-19.707,25.41],[-19.707,-24.516],[-15.613,-28.609],[15.612,-28.609],[19.707,-24.516]],"c":true},"ix":2},"nm":"Path 1","mn":"ADBE Vector Shape - Group","hd":false},{"ty":"st","c":{"a":0,"k":[0,0,0,1],"ix":3},"o":{"a":0,"k":100,"ix":4},"w":{"a":0,"k":4,"ix":5},"lc":2,"lj":2,"bm":0,"nm":"Stroke 1","mn":"ADBE Vector Graphic - Stroke","hd":false},{"ty":"fl","c":{"a":0,"k":[1,1,1,1],"ix":4},"o":{"a":0,"k":100,"ix":5},"r":1,"bm":0,"nm":"Fill 1","mn":"ADBE Vector Graphic - Fill","hd":false},{"ty":"tr","p":{"a":0,"k":[29.706,38.61],"ix":2},"a":{"a":0,"k":[0,0],"ix":1},"s":{"a":0,"k":[100,100],"ix":3},"r":{"a":0,"k":0,"ix":6},"o":{"a":0,"k":100,"ix":7},"sk":{"a":0,"k":0,"ix":4},"sa":{"a":0,"k":0,"ix":5},"nm":"Transform"}],"nm":"Group 1","np":3,"cix":2,"bm":0,"ix":1,"mn":"ADBE Vector Group","hd":false},{"ty":"gr","it":[{"ind":0,"ty":"sh","ix":1,"ks":{"a":0,"k":{"i":[[0,-8.232],[8.232,0],[0,8.232],[-8.232,0]],"o":[[0,8.232],[-8.232,0],[0,-8.232],[8.232,0]],"v":[[14.905,0],[0,14.905],[-14.905,0],[0,-14.905]],"c":true},"ix":2},"nm":"Path 1","mn":"ADBE Vector Shape - Group","hd":false},{"ty":"st","c":{"a":0,"k":[0,0,0,1],"ix":3},"o":{"a":0,"k":100,"ix":4},"w":{"a":0,"k":4,"ix":5},"lc":2,"lj":2,"bm":0,"nm":"Stroke 1","mn":"ADBE Vector Graphic - Stroke","hd":false},{"ty":"tr","p":{"a":0,"k":[52.514,36.11],"ix":2},"a":{"a":0,"k":[0,0],"ix":1},"s":{"a":0,"k":[100,100],"ix":3},"r":{"a":0,"k":0,"ix":6},"o":{"a":0,"k":100,"ix":7},"sk":{"a":0,"k":0,"ix":4},"sa":{"a":0,"k":0,"ix":5},"nm":"Transform"}],"nm":"Group 2","np":2,"cix":2,"bm":0,"ix":2,"mn":"ADBE Vector Group","hd":false}],"ip":0,"op":601,"st":0,"bm":0},{"ddd":0,"ind":3,"ty":0,"nm":"dollar sign anim","refId":"comp_0","sr":1,"ks":{"o":{"a":0,"k":100,"ix":11},"r":{"a":0,"k":0,"ix":10},"p":{"a":0,"k":[102,449.75,0],"ix":2},"a":{"a":0,"k":[100,100,0],"ix":1},"s":{"a":0,"k":[100,100,100],"ix":6}},"ao":0,"tm":{"a":1,"k":[{"i":{"x":[0.75],"y":[1]},"o":{"x":[0.167],"y":[0.167]},"t":0,"s":[0]},{"i":{"x":[0.833],"y":[0.833]},"o":{"x":[0.25],"y":[0]},"t":30,"s":[0.05]},{"t":61,"s":[0]}],"ix":2},"w":200,"h":200,"ip":0,"op":61,"st":0,"bm":0},{"ddd":0,"ind":4,"ty":0,"nm":"dollar sign anim","refId":"comp_0","sr":1,"ks":{"o":{"a":0,"k":100,"ix":11},"r":{"a":0,"k":0,"ix":10},"p":{"a":0,"k":[65.5,358.75,0],"ix":2},"a":{"a":0,"k":[100,100,0],"ix":1},"s":{"a":0,"k":[100,100,100],"ix":6}},"ao":0,"tm":{"a":1,"k":[{"i":{"x":[0.75],"y":[1]},"o":{"x":[0.167],"y":[0.167]},"t":11,"s":[0]},{"i":{"x":[0.833],"y":[0.833]},"o":{"x":[0.25],"y":[0]},"t":41,"s":[0.067]},{"t":72,"s":[0]}],"ix":2},"w":200,"h":200,"ip":11,"op":72,"st":11,"bm":0},{"ddd":0,"ind":5,"ty":0,"nm":"dollar sign anim","refId":"comp_0","sr":1,"ks":{"o":{"a":0,"k":100,"ix":11},"r":{"a":0,"k":0,"ix":10},"p":{"a":0,"k":[78.5,262.75,0],"ix":2},"a":{"a":0,"k":[100,100,0],"ix":1},"s":{"a":0,"k":[100,100,100],"ix":6}},"ao":0,"tm":{"a":1,"k":[{"i":{"x":[0.75],"y":[1]},"o":{"x":[0.167],"y":[0.167]},"t":22,"s":[0]},{"i":{"x":[0.833],"y":[0.833]},"o":{"x":[0.25],"y":[0]},"t":52,"s":[0.1]},{"t":83,"s":[0]}],"ix":2},"w":200,"h":200,"ip":22,"op":83,"st":22,"bm":0},{"ddd":0,"ind":6,"ty":0,"nm":"dollar sign anim","refId":"comp_0","sr":1,"ks":{"o":{"a":0,"k":100,"ix":11},"r":{"a":0,"k":0,"ix":10},"p":{"a":0,"k":[152,176,0],"ix":2},"a":{"a":0,"k":[100,100,0],"ix":1},"s":{"a":0,"k":[100,100,100],"ix":6}},"ao":0,"tm":{"a":1,"k":[{"i":{"x":[0.75],"y":[1]},"o":{"x":[0.167],"y":[0.167]},"t":33,"s":[0]},{"i":{"x":[0.833],"y":[0.833]},"o":{"x":[0.25],"y":[0]},"t":63,"s":[0.167]},{"t":94,"s":[0]}],"ix":2},"w":200,"h":200,"ip":33,"op":94,"st":33,"bm":0},{"ddd":0,"ind":7,"ty":0,"nm":"dollar sign anim","refId":"comp_0","sr":1,"ks":{"o":{"a":0,"k":100,"ix":11},"r":{"a":0,"k":0,"ix":10},"p":{"a":0,"k":[256,128.5,0],"ix":2},"a":{"a":0,"k":[100,100,0],"ix":1},"s":{"a":0,"k":[100,100,100],"ix":6}},"ao":0,"tm":{"a":1,"k":[{"i":{"x":[0.75],"y":[1]},"o":{"x":[0.167],"y":[0.167]},"t":44,"s":[0]},{"i":{"x":[0.833],"y":[0.833]},"o":{"x":[0.25],"y":[0]},"t":74,"s":[0.233]},{"t":105,"s":[0]}],"ix":2},"w":200,"h":200,"ip":44,"op":105,"st":44,"bm":0},{"ddd":0,"ind":8,"ty":0,"nm":"dollar sign anim","refId":"comp_0","sr":1,"ks":{"o":{"a":0,"k":100,"ix":11},"r":{"a":0,"k":0,"ix":10},"p":{"a":0,"k":[402.5,112,0],"ix":2},"a":{"a":0,"k":[100,100,0],"ix":1},"s":{"a":0,"k":[100,100,100],"ix":6}},"ao":0,"tm":{"a":1,"k":[{"i":{"x":[0.75],"y":[1]},"o":{"x":[0.167],"y":[0.167]},"t":55,"s":[0]},{"i":{"x":[0.833],"y":[0.833]},"o":{"x":[0.25],"y":[0]},"t":85,"s":[0.5]},{"t":116,"s":[1.017]}],"ix":2},"w":200,"h":200,"ip":55,"op":116,"st":55,"bm":0},{"ddd":0,"ind":9,"ty":0,"nm":"dollar sign anim","refId":"comp_0","sr":1,"ks":{"o":{"a":0,"k":100,"ix":11},"r":{"a":0,"k":0,"ix":10},"p":{"a":0,"k":[547.5,133.5,0],"ix":2},"a":{"a":0,"k":[100,100,0],"ix":1},"s":{"a":0,"k":[100,100,100],"ix":6}},"ao":0,"tm":{"a":1,"k":[{"i":{"x":[0.75],"y":[1]},"o":{"x":[0.167],"y":[0.167]},"t":66,"s":[0]},{"i":{"x":[0.833],"y":[0.833]},"o":{"x":[0.25],"y":[0]},"t":96,"s":[0.233]},{"t":127,"s":[0]}],"ix":2},"w":200,"h":200,"ip":66,"op":127,"st":66,"bm":0},{"ddd":0,"ind":10,"ty":0,"nm":"dollar sign anim","refId":"comp_0","sr":1,"ks":{"o":{"a":0,"k":100,"ix":11},"r":{"a":0,"k":0,"ix":10},"p":{"a":0,"k":[648.5,186.5,0],"ix":2},"a":{"a":0,"k":[100,100,0],"ix":1},"s":{"a":0,"k":[100,100,100],"ix":6}},"ao":0,"tm":{"a":1,"k":[{"i":{"x":[0.75],"y":[1]},"o":{"x":[0.167],"y":[0.167]},"t":77,"s":[0]},{"i":{"x":[0.833],"y":[0.833]},"o":{"x":[0.25],"y":[0]},"t":107,"s":[0.167]},{"t":138,"s":[0]}],"ix":2},"w":200,"h":200,"ip":77,"op":138,"st":77,"bm":0},{"ddd":0,"ind":11,"ty":0,"nm":"dollar sign anim","refId":"comp_0","sr":1,"ks":{"o":{"a":0,"k":100,"ix":11},"r":{"a":0,"k":0,"ix":10},"p":{"a":0,"k":[704,265.25,0],"ix":2},"a":{"a":0,"k":[100,100,0],"ix":1},"s":{"a":0,"k":[100,100,100],"ix":6}},"ao":0,"tm":{"a":1,"k":[{"i":{"x":[0.75],"y":[1]},"o":{"x":[0.167],"y":[0.167]},"t":88,"s":[0]},{"i":{"x":[0.833],"y":[0.833]},"o":{"x":[0.25],"y":[0]},"t":118,"s":[0.1]},{"t":149,"s":[0]}],"ix":2},"w":200,"h":200,"ip":88,"op":149,"st":88,"bm":0},{"ddd":0,"ind":12,"ty":0,"nm":"dollar sign anim","refId":"comp_0","sr":1,"ks":{"o":{"a":0,"k":100,"ix":11},"r":{"a":0,"k":0,"ix":10},"p":{"a":0,"k":[716,346.75,0],"ix":2},"a":{"a":0,"k":[100,100,0],"ix":1},"s":{"a":0,"k":[100,100,100],"ix":6}},"ao":0,"tm":{"a":1,"k":[{"i":{"x":[0.75],"y":[1]},"o":{"x":[0.167],"y":[0.167]},"t":99,"s":[0]},{"i":{"x":[0.833],"y":[0.833]},"o":{"x":[0.25],"y":[0]},"t":129,"s":[0.067]},{"t":160,"s":[0]}],"ix":2},"w":200,"h":200,"ip":99,"op":160,"st":99,"bm":0},{"ddd":0,"ind":13,"ty":0,"nm":"dollar sign anim","refId":"comp_0","sr":1,"ks":{"o":{"a":0,"k":100,"ix":11},"r":{"a":0,"k":0,"ix":10},"p":{"a":0,"k":[689.5,439.75,0],"ix":2},"a":{"a":0,"k":[100,100,0],"ix":1},"s":{"a":0,"k":[100,100,100],"ix":6}},"ao":0,"tm":{"a":1,"k":[{"i":{"x":[0.75],"y":[1]},"o":{"x":[0.167],"y":[0.167]},"t":110,"s":[0]},{"i":{"x":[0.833],"y":[0.833]},"o":{"x":[0.25],"y":[0]},"t":140,"s":[0.05]},{"t":171,"s":[0]}],"ix":2},"w":200,"h":200,"ip":110,"op":171,"st":110,"bm":0},{"ddd":0,"ind":14,"ty":4,"nm":"eyes Outlines","sr":1,"ks":{"o":{"a":0,"k":100,"ix":11},"r":{"a":0,"k":0,"ix":10},"p":{"a":1,"k":[{"i":{"x":0.68,"y":1},"o":{"x":0.32,"y":0},"t":0,"s":[380.498,277.197,0],"to":[0.333,0,0],"ti":[-0.333,0,0]},{"i":{"x":0.68,"y":0.68},"o":{"x":0.32,"y":0.32},"t":64,"s":[382.498,277.197,0],"to":[0,0,0],"ti":[0,0,0]},{"i":{"x":0.68,"y":1},"o":{"x":0.32,"y":0},"t":115,"s":[382.498,277.197,0],"to":[-0.333,0,0],"ti":[0.333,0,0]},{"t":150,"s":[380.498,277.197,0]}],"ix":2},"a":{"a":0,"k":[20.022,7.491,0],"ix":1},"s":{"a":1,"k":[{"i":{"x":[0.51,0.51,0.51],"y":[1,1,1]},"o":{"x":[0.49,0.49,0.49],"y":[0,0,0]},"t":96,"s":[100,100,100]},{"i":{"x":[0.51,0.51,0.51],"y":[1,1,1]},"o":{"x":[0.49,0.49,0.49],"y":[0,0,0]},"t":99,"s":[100,20,100]},{"i":{"x":[0.51,0.51,0.51],"y":[1,1,1]},"o":{"x":[0.49,0.49,0.49],"y":[0,0,0]},"t":107,"s":[100,20,100]},{"i":{"x":[0.833,0.833,0.833],"y":[1,1,1]},"o":{"x":[0.167,0.167,0.167],"y":[0,0,0]},"t":110,"s":[100,100,100]},{"i":{"x":[0.51,0.51,0.51],"y":[1,1,1]},"o":{"x":[0.49,0.49,0.49],"y":[0,0,0]},"t":211,"s":[100,100,100]},{"i":{"x":[0.51,0.51,0.51],"y":[1,1,1]},"o":{"x":[0.49,0.49,0.49],"y":[0,0,0]},"t":214,"s":[100,20,100]},{"i":{"x":[0.51,0.51,0.51],"y":[1,1,1]},"o":{"x":[0.49,0.49,0.49],"y":[0,0,0]},"t":222,"s":[100,20,100]},{"t":225,"s":[100,100,100]}],"ix":6}},"ao":0,"shapes":[{"ty":"gr","it":[{"ind":0,"ty":"sh","ix":1,"ks":{"a":0,"k":{"i":[[0,-4.663],[2.06,0],[0,4.29],[-2.061,0]],"o":[[0,4.663],[-2.061,0],[0,-4.29],[2.06,0]],"v":[[3.731,0],[0.001,5.596],[-3.731,0],[0.001,-5.596]],"c":true},"ix":2},"nm":"Path 1","mn":"ADBE Vector Shape - Group","hd":false},{"ty":"fl","c":{"a":0,"k":[0,0,0,1],"ix":4},"o":{"a":0,"k":100,"ix":5},"r":1,"bm":0,"nm":"Fill 1","mn":"ADBE Vector Graphic - Fill","hd":false},{"ty":"tr","p":{"a":0,"k":[3.98,5.846],"ix":2},"a":{"a":0,"k":[0,0],"ix":1},"s":{"a":0,"k":[100,100],"ix":3},"r":{"a":0,"k":0,"ix":6},"o":{"a":0,"k":100,"ix":7},"sk":{"a":0,"k":0,"ix":4},"sa":{"a":0,"k":0,"ix":5},"nm":"Transform"}],"nm":"Group 1","np":2,"cix":2,"bm":0,"ix":1,"mn":"ADBE Vector Group","hd":false},{"ty":"gr","it":[{"ind":0,"ty":"sh","ix":1,"ks":{"a":0,"k":{"i":[[0,-4.663],[2.06,0],[0,4.29],[-2.061,0]],"o":[[0,4.663],[-2.061,0],[0,-4.29],[2.06,0]],"v":[[3.731,0],[0.001,5.596],[-3.731,0],[0.001,-5.596]],"c":true},"ix":2},"nm":"Path 1","mn":"ADBE Vector Shape - Group","hd":false},{"ty":"fl","c":{"a":0,"k":[0,0,0,1],"ix":4},"o":{"a":0,"k":100,"ix":5},"r":1,"bm":0,"nm":"Fill 1","mn":"ADBE Vector Graphic - Fill","hd":false},{"ty":"tr","p":{"a":0,"k":[36.063,9.135],"ix":2},"a":{"a":0,"k":[0,0],"ix":1},"s":{"a":0,"k":[100,100],"ix":3},"r":{"a":0,"k":0,"ix":6},"o":{"a":0,"k":100,"ix":7},"sk":{"a":0,"k":0,"ix":4},"sa":{"a":0,"k":0,"ix":5},"nm":"Transform"}],"nm":"Group 2","np":2,"cix":2,"bm":0,"ix":2,"mn":"ADBE Vector Group","hd":false}],"ip":0,"op":240,"st":0,"bm":0},{"ddd":0,"ind":15,"ty":4,"nm":"mouth Outlines","sr":1,"ks":{"o":{"a":0,"k":100,"ix":11},"r":{"a":0,"k":0,"ix":10},"p":{"a":1,"k":[{"i":{"x":0.68,"y":1},"o":{"x":0.32,"y":0},"t":0,"s":[382.778,306.84,0],"to":[0.333,0,0],"ti":[-0.333,0,0]},{"i":{"x":0.68,"y":0.68},"o":{"x":0.32,"y":0.32},"t":64,"s":[384.778,306.84,0],"to":[0,0,0],"ti":[0,0,0]},{"i":{"x":0.68,"y":1},"o":{"x":0.32,"y":0},"t":115,"s":[384.778,306.84,0],"to":[-0.333,0,0],"ti":[0.333,0,0]},{"t":150,"s":[382.778,306.84,0]}],"ix":2},"a":{"a":0,"k":[17.927,11.686,0],"ix":1},"s":{"a":0,"k":[100,100,100],"ix":6}},"ao":0,"shapes":[{"ty":"gr","it":[{"ind":0,"ty":"sh","ix":1,"ks":{"a":0,"k":{"i":[[0,0],[-4.436,0.387],[-0.927,0.763]],"o":[[0.931,0.627],[3.798,-0.33],[0,0]],"v":[[-7.927,-0.94],[0.652,1.298],[7.927,-1.685]],"c":false},"ix":2},"nm":"Path 1","mn":"ADBE Vector Shape - Group","hd":false},{"ty":"st","c":{"a":0,"k":[0,0,0,1],"ix":3},"o":{"a":0,"k":100,"ix":4},"w":{"a":0,"k":4,"ix":5},"lc":2,"lj":1,"ml":10,"bm":0,"nm":"Stroke 1","mn":"ADBE Vector Graphic - Stroke","hd":false},{"ty":"tr","p":{"a":0,"k":[17.927,11.686],"ix":2},"a":{"a":0,"k":[0,0],"ix":1},"s":{"a":0,"k":[100,100],"ix":3},"r":{"a":0,"k":0,"ix":6},"o":{"a":0,"k":100,"ix":7},"sk":{"a":0,"k":0,"ix":4},"sa":{"a":0,"k":0,"ix":5},"nm":"Transform"}],"nm":"Group 1","np":2,"cix":2,"bm":0,"ix":1,"mn":"ADBE Vector Group","hd":false}],"ip":0,"op":601,"st":0,"bm":0},{"ddd":0,"ind":16,"ty":4,"nm":"nose Outlines","sr":1,"ks":{"o":{"a":0,"k":100,"ix":11},"r":{"a":0,"k":0,"ix":10},"p":{"a":1,"k":[{"i":{"x":0.68,"y":1},"o":{"x":0.32,"y":0},"t":0,"s":[372.008,287.68,0],"to":[0.667,0,0],"ti":[-0.667,0,0]},{"i":{"x":0.68,"y":0.68},"o":{"x":0.32,"y":0.32},"t":64,"s":[376.008,287.68,0],"to":[0,0,0],"ti":[0,0,0]},{"i":{"x":0.68,"y":1},"o":{"x":0.32,"y":0},"t":115,"s":[376.008,287.68,0],"to":[-0.667,0,0],"ti":[0.667,0,0]},{"t":150,"s":[372.008,287.68,0]}],"ix":2},"a":{"a":0,"k":[14.141,18.472,0],"ix":1},"s":{"a":0,"k":[100,100,100],"ix":6}},"ao":0,"shapes":[{"ty":"gr","it":[{"ind":0,"ty":"sh","ix":1,"ks":{"a":0,"k":{"i":[[0,0],[2.296,-1.959],[-4.93,-0.851]],"o":[[-1.466,5.877],[0,0],[0,0]],"v":[[4.141,-8.472],[-3.735,3.432],[0.789,8.472]],"c":false},"ix":2},"nm":"Path 1","mn":"ADBE Vector Shape - Group","hd":false},{"ty":"st","c":{"a":0,"k":[0,0,0,1],"ix":3},"o":{"a":0,"k":100,"ix":4},"w":{"a":0,"k":4,"ix":5},"lc":2,"lj":1,"ml":10,"bm":0,"nm":"Stroke 1","mn":"ADBE Vector Graphic - Stroke","hd":false},{"ty":"tr","p":{"a":0,"k":[14.141,18.472],"ix":2},"a":{"a":0,"k":[0,0],"ix":1},"s":{"a":0,"k":[100,100],"ix":3},"r":{"a":0,"k":0,"ix":6},"o":{"a":0,"k":100,"ix":7},"sk":{"a":0,"k":0,"ix":4},"sa":{"a":0,"k":0,"ix":5},"nm":"Transform"}],"nm":"Group 1","np":2,"cix":2,"bm":0,"ix":1,"mn":"ADBE Vector Group","hd":false}],"ip":0,"op":240,"st":0,"bm":0},{"ddd":0,"ind":17,"ty":4,"nm":"laptop Outlines","sr":1,"ks":{"o":{"a":0,"k":100,"ix":11},"r":{"a":0,"k":0,"ix":10},"p":{"a":0,"k":[232.218,432.317,0],"ix":2},"a":{"a":0,"k":[119.233,73.982,0],"ix":1},"s":{"a":0,"k":[100,100,100],"ix":6}},"ao":0,"shapes":[{"ty":"gr","it":[{"ind":0,"ty":"sh","ix":1,"ks":{"a":0,"k":{"i":[[-1.952,-7.749],[7.08,-0.057],[1.952,7.749],[-7.081,0.057]],"o":[[1.952,7.749],[-7.081,0.057],[-1.952,-7.75],[7.08,-0.058]],"v":[[12.82,-0.104],[3.535,14.032],[-12.82,0.105],[-3.534,-14.031]],"c":true},"ix":2},"nm":"Path 1","mn":"ADBE Vector Shape - Group","hd":false},{"ty":"fl","c":{"a":0,"k":[1,1,1,1],"ix":4},"o":{"a":0,"k":100,"ix":5},"r":1,"bm":0,"nm":"Fill 1","mn":"ADBE Vector Graphic - Fill","hd":false},{"ty":"tr","p":{"a":0,"k":[87.606,72.619],"ix":2},"a":{"a":0,"k":[0,0],"ix":1},"s":{"a":0,"k":[100,100],"ix":3},"r":{"a":0,"k":0,"ix":6},"o":{"a":0,"k":100,"ix":7},"sk":{"a":0,"k":0,"ix":4},"sa":{"a":0,"k":0,"ix":5},"nm":"Transform"}],"nm":"Group 1","np":2,"cix":2,"bm":0,"ix":1,"mn":"ADBE Vector Group","hd":false},{"ty":"gr","it":[{"ind":0,"ty":"sh","ix":1,"ks":{"a":0,"k":{"i":[[3.463,0.24],[0,0],[0.459,2.321],[0,0],[-3.381,-0.133],[0,0],[-0.49,-2.353],[0,0]],"o":[[0,0],[-2.361,-0.163],[0,0],[-0.655,-3.32],[0,0],[2.402,0.095],[0,0],[0.708,3.399]],"v":[[74.255,60.515],[-54.943,51.566],[-59.721,47.356],[-79.796,-54.375],[-74.452,-60.622],[52.807,-55.613],[57.729,-51.448],[79.743,54.222]],"c":true},"ix":2},"nm":"Path 1","mn":"ADBE Vector Shape - Group","hd":false},{"ty":"st","c":{"a":0,"k":[0,0,0,1],"ix":3},"o":{"a":0,"k":100,"ix":4},"w":{"a":0,"k":4,"ix":5},"lc":2,"lj":1,"ml":10,"bm":0,"nm":"Stroke 1","mn":"ADBE Vector Graphic - Stroke","hd":false},{"ty":"fl","c":{"a":0,"k":[0.227450995352,0.227450995352,0.227450995352,1],"ix":4},"o":{"a":0,"k":100,"ix":5},"r":1,"bm":0,"nm":"Fill 1","mn":"ADBE Vector Graphic - Fill","hd":false},{"ty":"tr","p":{"a":0,"k":[90.451,77.209],"ix":2},"a":{"a":0,"k":[0,0],"ix":1},"s":{"a":0,"k":[100,100],"ix":3},"r":{"a":0,"k":0,"ix":6},"o":{"a":0,"k":100,"ix":7},"sk":{"a":0,"k":0,"ix":4},"sa":{"a":0,"k":0,"ix":5},"nm":"Transform"}],"nm":"Group 2","np":3,"cix":2,"bm":0,"ix":2,"mn":"ADBE Vector Group","hd":false},{"ty":"gr","it":[{"ind":0,"ty":"sh","ix":1,"ks":{"a":0,"k":{"i":[[3.463,0.24],[0,0],[0.459,2.321],[0,0],[-3.381,-0.133],[0,0],[-0.49,-2.353],[0,0]],"o":[[0,0],[-2.361,-0.163],[0,0],[-0.655,-3.32],[0,0],[2.402,0.095],[0,0],[0.708,3.399]],"v":[[74.255,60.515],[-54.943,51.566],[-59.721,47.356],[-79.796,-54.375],[-74.452,-60.622],[52.807,-55.613],[57.729,-51.448],[79.743,54.222]],"c":true},"ix":2},"nm":"Path 1","mn":"ADBE Vector Shape - Group","hd":false},{"ty":"st","c":{"a":0,"k":[0,0,0,1],"ix":3},"o":{"a":0,"k":100,"ix":4},"w":{"a":0,"k":4,"ix":5},"lc":2,"lj":1,"ml":10,"bm":0,"nm":"Stroke 1","mn":"ADBE Vector Graphic - Stroke","hd":false},{"ty":"fl","c":{"a":0,"k":[0,0,0,1],"ix":4},"o":{"a":0,"k":100,"ix":5},"r":1,"bm":0,"nm":"Fill 1","mn":"ADBE Vector Graphic - Fill","hd":false},{"ty":"tr","p":{"a":0,"k":[95.586,70.755],"ix":2},"a":{"a":0,"k":[0,0],"ix":1},"s":{"a":0,"k":[100,100],"ix":3},"r":{"a":0,"k":0,"ix":6},"o":{"a":0,"k":100,"ix":7},"sk":{"a":0,"k":0,"ix":4},"sa":{"a":0,"k":0,"ix":5},"nm":"Transform"}],"nm":"Group 3","np":3,"cix":2,"bm":0,"ix":3,"mn":"ADBE Vector Group","hd":false},{"ty":"gr","it":[{"ind":0,"ty":"sh","ix":1,"ks":{"a":0,"k":{"i":[[0,0],[0,0],[0,0],[0,0]],"o":[[0,0],[0,0],[0,0],[0,0]],"v":[[-31.88,7.857],[27.306,0.834],[31.88,-7.857],[-21.144,-1.218]],"c":false},"ix":2},"nm":"Path 1","mn":"ADBE Vector Shape - Group","hd":false},{"ty":"st","c":{"a":0,"k":[0,0,0,1],"ix":3},"o":{"a":0,"k":100,"ix":4},"w":{"a":0,"k":4,"ix":5},"lc":2,"lj":1,"ml":10,"bm":0,"nm":"Stroke 1","mn":"ADBE Vector Graphic - Stroke","hd":false},{"ty":"fl","c":{"a":0,"k":[0,0,0,1],"ix":4},"o":{"a":0,"k":100,"ix":5},"r":1,"bm":0,"nm":"Fill 1","mn":"ADBE Vector Graphic - Fill","hd":false},{"ty":"tr","p":{"a":0,"k":[196.586,129.867],"ix":2},"a":{"a":0,"k":[0,0],"ix":1},"s":{"a":0,"k":[100,100],"ix":3},"r":{"a":0,"k":0,"ix":6},"o":{"a":0,"k":100,"ix":7},"sk":{"a":0,"k":0,"ix":4},"sa":{"a":0,"k":0,"ix":5},"nm":"Transform"}],"nm":"Group 4","np":3,"cix":2,"bm":0,"ix":4,"mn":"ADBE Vector Group","hd":false}],"ip":0,"op":601,"st":0,"bm":0},{"ddd":0,"ind":18,"ty":4,"nm":"woman Outlines","sr":1,"ks":{"o":{"a":0,"k":100,"ix":11},"r":{"a":0,"k":0,"ix":10},"p":{"a":0,"k":[408.001,366.626,0],"ix":2},"a":{"a":0,"k":[136.146,142.93,0],"ix":1},"s":{"a":0,"k":[100,100,100],"ix":6}},"ao":0,"shapes":[{"ty":"gr","it":[{"ind":0,"ty":"sh","ix":1,"ks":{"a":0,"k":{"i":[[0,0],[0,0]],"o":[[-10.362,-10.997],[0,0]],"v":[[16.073,19.456],[-16.073,-19.456]],"c":false},"ix":2},"nm":"Path 1","mn":"ADBE Vector Shape - Group","hd":false},{"ty":"st","c":{"a":0,"k":[0,0,0,1],"ix":3},"o":{"a":0,"k":100,"ix":4},"w":{"a":0,"k":4,"ix":5},"lc":2,"lj":1,"ml":10,"bm":0,"nm":"Stroke 1","mn":"ADBE Vector Graphic - Stroke","hd":false},{"ty":"tr","p":{"a":0,"k":[199.484,213.374],"ix":2},"a":{"a":0,"k":[0,0],"ix":1},"s":{"a":0,"k":[100,100],"ix":3},"r":{"a":0,"k":0,"ix":6},"o":{"a":0,"k":100,"ix":7},"sk":{"a":0,"k":0,"ix":4},"sa":{"a":0,"k":0,"ix":5},"nm":"Transform"}],"nm":"Group 1","np":2,"cix":2,"bm":0,"ix":1,"mn":"ADBE Vector Group","hd":false},{"ty":"gr","it":[{"ind":0,"ty":"sh","ix":1,"ks":{"a":0,"k":{"i":[[0.371,-1.425],[0,0],[4.76,-0.454],[0,0],[-1.128,4.002],[-0.012,0.038],[-8.065,4.225],[-4.08,-1.134],[0,0],[-0.929,-2.787]],"o":[[-0.426,1.636],[0,0],[-4.759,0.453],[-4.143,0.357],[0.011,-0.039],[1.133,-3.853],[8.065,-4.224],[4.08,1.133],[0,0],[0.789,2.368]],"v":[[33.26,2.442],[29.506,8.621],[14.427,11.101],[-26.051,14.625],[-32.523,7.137],[-32.489,7.021],[-17.255,-10.757],[8.701,-11.714],[24.735,-12.497],[32.862,-4.228]],"c":true},"ix":2},"nm":"Path 1","mn":"ADBE Vector Shape - Group","hd":false},{"ty":"st","c":{"a":0,"k":[0,0,0,1],"ix":3},"o":{"a":0,"k":100,"ix":4},"w":{"a":0,"k":4,"ix":5},"lc":2,"lj":2,"bm":0,"nm":"Stroke 1","mn":"ADBE Vector Graphic - Stroke","hd":false},{"ty":"fl","c":{"a":0,"k":[1,1,1,1],"ix":4},"o":{"a":0,"k":100,"ix":5},"r":1,"bm":0,"nm":"Fill 1","mn":"ADBE Vector Graphic - Fill","hd":false},{"ty":"tr","p":{"a":0,"k":[96.719,260.451],"ix":2},"a":{"a":0,"k":[0,0],"ix":1},"s":{"a":0,"k":[100,100],"ix":3},"r":{"a":0,"k":0,"ix":6},"o":{"a":0,"k":100,"ix":7},"sk":{"a":0,"k":0,"ix":4},"sa":{"a":0,"k":0,"ix":5},"nm":"Transform"}],"nm":"Group 2","np":3,"cix":2,"bm":0,"ix":2,"mn":"ADBE Vector Group","hd":false},{"ty":"gr","it":[{"ind":0,"ty":"sh","ix":1,"ks":{"a":0,"k":{"i":[[0,0],[-13.956,-6.078],[-0.9,-2.701],[-2.476,-1.575],[-0.9,1.576],[-4.41,0.326],[0,-5.402],[6.978,0.226],[0,0],[37.14,-3.601],[-0.45,5.853]],"o":[[0,0],[13.956,6.077],[0.9,2.701],[2.476,1.576],[0.901,-1.575],[6.078,-0.451],[0,5.402],[-6.977,-0.225],[0,0],[-37.14,3.602],[0,0]],"v":[[-37.078,-44.866],[-9.335,-30.539],[20.602,-19.96],[23.528,-11.408],[28.705,-16.134],[35.908,-20.635],[44.044,-11.408],[36.583,3.898],[32.532,3.902],[-4.608,41.263],[-43.594,-28.74]],"c":false},"ix":2},"nm":"Path 1","mn":"ADBE Vector Shape - Group","hd":false},{"ty":"st","c":{"a":0,"k":[0,0,0,1],"ix":3},"o":{"a":0,"k":100,"ix":4},"w":{"a":0,"k":4,"ix":5},"lc":2,"lj":1,"ml":10,"bm":0,"nm":"Stroke 1","mn":"ADBE Vector Graphic - Stroke","hd":false},{"ty":"fl","c":{"a":0,"k":[1,1,1,1],"ix":4},"o":{"a":0,"k":100,"ix":5},"r":1,"bm":0,"nm":"Fill 1","mn":"ADBE Vector Graphic - Fill","hd":false},{"ty":"tr","p":{"a":0,"k":[120.12,54.866],"ix":2},"a":{"a":0,"k":[0,0],"ix":1},"s":{"a":0,"k":[100,100],"ix":3},"r":{"a":0,"k":0,"ix":6},"o":{"a":0,"k":100,"ix":7},"sk":{"a":0,"k":0,"ix":4},"sa":{"a":0,"k":0,"ix":5},"nm":"Transform"}],"nm":"Group 3","np":3,"cix":2,"bm":0,"ix":3,"mn":"ADBE Vector Group","hd":false},{"ty":"gr","it":[{"ind":0,"ty":"sh","ix":1,"ks":{"a":0,"k":{"i":[[0,0],[0,0],[0,0],[0,0]],"o":[[0,0],[0,0],[0,0],[0,0]],"v":[[16.514,19.005],[16.514,-19.005],[-15.137,-2.72],[-16.514,16.15]],"c":false},"ix":2},"nm":"Path 1","mn":"ADBE Vector Shape - Group","hd":false},{"ty":"st","c":{"a":0,"k":[0,0,0,1],"ix":3},"o":{"a":0,"k":100,"ix":4},"w":{"a":0,"k":4,"ix":5},"lc":2,"lj":1,"ml":10,"bm":0,"nm":"Stroke 1","mn":"ADBE Vector Graphic - Stroke","hd":false},{"ty":"fl","c":{"a":0,"k":[1,1,1,1],"ix":4},"o":{"a":0,"k":100,"ix":5},"r":1,"bm":0,"nm":"Fill 1","mn":"ADBE Vector Graphic - Fill","hd":false},{"ty":"tr","p":{"a":0,"k":[125.073,95.799],"ix":2},"a":{"a":0,"k":[0,0],"ix":1},"s":{"a":0,"k":[100,100],"ix":3},"r":{"a":0,"k":0,"ix":6},"o":{"a":0,"k":100,"ix":7},"sk":{"a":0,"k":0,"ix":4},"sa":{"a":0,"k":0,"ix":5},"nm":"Transform"}],"nm":"Group 4","np":3,"cix":2,"bm":0,"ix":4,"mn":"ADBE Vector Group","hd":false},{"ty":"gr","it":[{"ind":0,"ty":"sh","ix":1,"ks":{"a":0,"k":{"i":[[0,0],[-6.298,-6.819],[-18.288,0],[-5.684,7.056],[0,0]],"o":[[0,0],[5.741,6.217],[18.288,0],[5.685,-7.056],[0,0]],"v":[[-33.483,-15.137],[-31.267,6.82],[-1.782,17.643],[31.88,4.883],[32.892,-17.643]],"c":false},"ix":2},"nm":"Path 1","mn":"ADBE Vector Shape - Group","hd":false},{"ty":"st","c":{"a":0,"k":[0,0,0,1],"ix":3},"o":{"a":0,"k":100,"ix":4},"w":{"a":0,"k":4,"ix":5},"lc":1,"lj":1,"ml":10,"bm":0,"nm":"Stroke 1","mn":"ADBE Vector Graphic - Stroke","hd":false},{"ty":"tr","p":{"a":0,"k":[124.907,117.52],"ix":2},"a":{"a":0,"k":[0,0],"ix":1},"s":{"a":0,"k":[100,100],"ix":3},"r":{"a":0,"k":0,"ix":6},"o":{"a":0,"k":100,"ix":7},"sk":{"a":0,"k":0,"ix":4},"sa":{"a":0,"k":0,"ix":5},"nm":"Transform"}],"nm":"Group 5","np":2,"cix":2,"bm":0,"ix":5,"mn":"ADBE Vector Group","hd":false},{"ty":"gr","it":[{"ind":0,"ty":"sh","ix":1,"ks":{"a":0,"k":{"i":[[0,0],[0,0]],"o":[[0,0],[0,0]],"v":[[-15.525,16.296],[15.525,-16.296]],"c":false},"ix":2},"nm":"Path 1","mn":"ADBE Vector Shape - Group","hd":false},{"ty":"st","c":{"a":0,"k":[0,0,0,1],"ix":3},"o":{"a":0,"k":100,"ix":4},"w":{"a":0,"k":4,"ix":5},"lc":2,"lj":1,"ml":10,"bm":0,"nm":"Stroke 1","mn":"ADBE Vector Graphic - Stroke","hd":false},{"ty":"tr","p":{"a":0,"k":[48.704,233.044],"ix":2},"a":{"a":0,"k":[0,0],"ix":1},"s":{"a":0,"k":[100,100],"ix":3},"r":{"a":0,"k":0,"ix":6},"o":{"a":0,"k":100,"ix":7},"sk":{"a":0,"k":0,"ix":4},"sa":{"a":0,"k":0,"ix":5},"nm":"Transform"}],"nm":"Group 6","np":2,"cix":2,"bm":0,"ix":6,"mn":"ADBE Vector Group","hd":false},{"ty":"gr","it":[{"ind":0,"ty":"sh","ix":1,"ks":{"a":0,"k":{"i":[[0,0],[0,-9.273],[-3.853,-5.394],[0,0]],"o":[[0,0],[0,9.273],[3.853,5.394],[0,0]],"v":[[2.839,-45.796],[-6.133,-12.899],[2.281,13.203],[6.133,45.796]],"c":false},"ix":2},"nm":"Path 1","mn":"ADBE Vector Shape - Group","hd":false},{"ty":"st","c":{"a":0,"k":[0,0,0,1],"ix":3},"o":{"a":0,"k":100,"ix":4},"w":{"a":0,"k":4,"ix":5},"lc":2,"lj":1,"ml":10,"bm":0,"nm":"Stroke 1","mn":"ADBE Vector Graphic - Stroke","hd":false},{"ty":"tr","p":{"a":0,"k":[61.948,203.544],"ix":2},"a":{"a":0,"k":[0,0],"ix":1},"s":{"a":0,"k":[100,100],"ix":3},"r":{"a":0,"k":0,"ix":6},"o":{"a":0,"k":100,"ix":7},"sk":{"a":0,"k":0,"ix":4},"sa":{"a":0,"k":0,"ix":5},"nm":"Transform"}],"nm":"Group 7","np":2,"cix":2,"bm":0,"ix":7,"mn":"ADBE Vector Group","hd":false},{"ty":"gr","it":[{"ind":0,"ty":"sh","ix":1,"ks":{"a":0,"k":{"i":[[0,0],[0,0]],"o":[[0,0],[0,0]],"v":[[-2.749,20.705],[2.749,-20.705]],"c":false},"ix":2},"nm":"Path 1","mn":"ADBE Vector Shape - Group","hd":false},{"ty":"st","c":{"a":0,"k":[0,0,0,1],"ix":3},"o":{"a":0,"k":100,"ix":4},"w":{"a":0,"k":4,"ix":5},"lc":2,"lj":1,"ml":10,"bm":0,"nm":"Stroke 1","mn":"ADBE Vector Graphic - Stroke","hd":false},{"ty":"tr","p":{"a":0,"k":[182.328,216.747],"ix":2},"a":{"a":0,"k":[0,0],"ix":1},"s":{"a":0,"k":[100,100],"ix":3},"r":{"a":0,"k":0,"ix":6},"o":{"a":0,"k":100,"ix":7},"sk":{"a":0,"k":0,"ix":4},"sa":{"a":0,"k":0,"ix":5},"nm":"Transform"}],"nm":"Group 8","np":2,"cix":2,"bm":0,"ix":8,"mn":"ADBE Vector Group","hd":false},{"ty":"gr","it":[{"ind":0,"ty":"sh","ix":1,"ks":{"a":0,"k":{"i":[[0,0],[-12.689,11.631],[-24.532,0.211],[-15.226,-11.632],[-7.19,-11.843],[-1.269,-6.979],[5.075,-4.864],[15.437,-0.423],[0,0],[0.736,5.287],[0,0],[-20.399,-1.395]],"o":[[0,0],[12.689,-11.631],[24.531,-0.212],[15.226,11.631],[7.191,11.842],[1.268,6.978],[-5.076,4.864],[-15.438,0.423],[0,0],[-0.736,-5.287],[0,0],[0,0]],"v":[[-126.146,31.933],[-77.93,-53.081],[-13.852,-82.899],[49.592,-64.712],[79.833,-30.241],[121.071,45.468],[121.071,68.519],[96.751,77.401],[-10.892,83.111],[-4.869,73.171],[-15.107,61.723],[88.324,46.736]],"c":false},"ix":2},"nm":"Path 1","mn":"ADBE Vector Shape - Group","hd":false},{"ty":"st","c":{"a":0,"k":[0,0,0,1],"ix":3},"o":{"a":0,"k":100,"ix":4},"w":{"a":0,"k":4,"ix":5},"lc":2,"lj":2,"bm":0,"nm":"Stroke 1","mn":"ADBE Vector Graphic - Stroke","hd":false},{"ty":"tr","p":{"a":0,"k":[136.146,186.094],"ix":2},"a":{"a":0,"k":[0,0],"ix":1},"s":{"a":0,"k":[100,100],"ix":3},"r":{"a":0,"k":0,"ix":6},"o":{"a":0,"k":100,"ix":7},"sk":{"a":0,"k":0,"ix":4},"sa":{"a":0,"k":0,"ix":5},"nm":"Transform"}],"nm":"Group 9","np":2,"cix":2,"bm":0,"ix":9,"mn":"ADBE Vector Group","hd":false},{"ty":"gr","it":[{"ind":0,"ty":"sh","ix":1,"ks":{"a":0,"k":{"i":[[1.28,6.96],[7.2,11.84],[15.24,11.64],[9.48,3.04],[0.921,-1.8],[20.52,-1.6],[2.72,5.36],[0.12,2],[6.959,-6.36],[0,0],[0,0],[0,0],[0,0],[0,0],[0,0],[-0.092,1.438],[-5.914,-0.798],[0,0],[0,0],[-0.44,-3.16],[0,0],[-15.44,0.44],[-5.08,4.88]],"o":[[-1.24,-7],[-7.16,-11.84],[-6.8,-5.16],[-1.04,4.72],[-1.559,3.16],[-20.52,1.56],[-1.2,-2.4],[-12.72,6.24],[-12.681,11.64],[0,0],[0,0],[0,0],[0,0],[0,0],[1.439,0.079],[0.098,-1.514],[17.42,2.349],[0,0],[2.8,2.28],[0.72,5.32],[0,0],[15.44,-0.4],[5.08,-4.88]],"v":[[121.06,51.531],[79.82,-24.189],[49.58,-62.669],[24.681,-77.171],[21.459,-70.708],[-12.86,-56.868],[-45.22,-73.068],[-46.922,-75.274],[-73.729,-53.193],[-126.14,41.971],[-120.531,55.508],[-101.686,55.228],[-72.06,24.812],[-67.34,57.572],[-57.723,58.1],[-54.777,55.749],[-42.86,54.411],[-18.38,59.531],[-11.74,58.251],[-4.86,67.212],[-10.9,77.171],[96.74,71.451],[121.06,62.572]],"c":true},"ix":2},"nm":"Path 1","mn":"ADBE Vector Shape - Group","hd":false},{"ind":1,"ty":"sh","ix":2,"ks":{"a":0,"k":{"i":[[0,0],[0,0],[0,0]],"o":[[0,0],[0,0],[0,0]],"v":[[43.18,50.132],[48.7,3.891],[79.1,45.372]],"c":true},"ix":2},"nm":"Path 2","mn":"ADBE Vector Shape - Group","hd":false},{"ty":"mm","mm":1,"nm":"Merge Paths 1","mn":"ADBE Vector Filter - Merge","hd":false},{"ty":"fl","c":{"a":0,"k":[0.933333393172,0.282352941176,0.321568627451,1],"ix":4},"o":{"a":0,"k":100,"ix":5},"r":1,"bm":0,"nm":"Fill 1","mn":"ADBE Vector Graphic - Fill","hd":false},{"ty":"tr","p":{"a":0,"k":[136.144,192.038],"ix":2},"a":{"a":0,"k":[0,0],"ix":1},"s":{"a":0,"k":[100,100],"ix":3},"r":{"a":0,"k":0,"ix":6},"o":{"a":0,"k":100,"ix":7},"sk":{"a":0,"k":0,"ix":4},"sa":{"a":0,"k":0,"ix":5},"nm":"Transform"}],"nm":"Group 10","np":4,"cix":2,"bm":0,"ix":10,"mn":"ADBE Vector Group","hd":false},{"ty":"gr","it":[{"ind":0,"ty":"sh","ix":1,"ks":{"a":0,"k":{"i":[[0,0],[-12.689,11.631],[-24.532,0.211],[-15.226,-11.632],[-7.19,-11.843],[-1.269,-6.979],[5.075,-4.864],[15.437,-0.423],[0,0],[0.736,5.287],[0,0],[-20.399,-1.395]],"o":[[0,0],[12.689,-11.631],[24.531,-0.212],[15.226,11.631],[7.191,11.842],[1.268,6.978],[-5.076,4.864],[-15.438,0.423],[0,0],[-0.736,-5.287],[0,0],[0,0]],"v":[[-126.146,31.933],[-77.93,-53.081],[-13.852,-82.899],[49.592,-64.712],[79.833,-30.241],[121.071,45.468],[121.071,68.519],[96.751,77.401],[-10.892,83.111],[-4.869,73.171],[-15.107,61.723],[88.324,46.736]],"c":false},"ix":2},"nm":"Path 1","mn":"ADBE Vector Shape - Group","hd":false},{"ty":"fl","c":{"a":0,"k":[1,1,1,1],"ix":4},"o":{"a":0,"k":100,"ix":5},"r":1,"bm":0,"nm":"Fill 1","mn":"ADBE Vector Graphic - Fill","hd":false},{"ty":"tr","p":{"a":0,"k":[136.146,186.094],"ix":2},"a":{"a":0,"k":[0,0],"ix":1},"s":{"a":0,"k":[100,100],"ix":3},"r":{"a":0,"k":0,"ix":6},"o":{"a":0,"k":100,"ix":7},"sk":{"a":0,"k":0,"ix":4},"sa":{"a":0,"k":0,"ix":5},"nm":"Transform"}],"nm":"Group 11","np":2,"cix":2,"bm":0,"ix":11,"mn":"ADBE Vector Group","hd":false}],"ip":0,"op":601,"st":0,"bm":0},{"ddd":0,"ind":19,"ty":4,"nm":"table Outlines","sr":1,"ks":{"o":{"a":0,"k":100,"ix":11},"r":{"a":0,"k":0,"ix":10},"p":{"a":0,"k":[390.445,510.184,0],"ix":2},"a":{"a":0,"k":[271.771,48.388,0],"ix":1},"s":{"a":0,"k":[100,100,100],"ix":6}},"ao":0,"shapes":[{"ty":"gr","it":[{"ind":0,"ty":"sh","ix":1,"ks":{"a":0,"k":{"i":[[0,0],[-58.378,-1.154],[0,0]],"o":[[0,0],[58.379,1.153],[0,0]],"v":[[-261.771,6.652],[-78.38,-5.498],[261.771,6.652]],"c":false},"ix":2},"nm":"Path 1","mn":"ADBE Vector Shape - Group","hd":false},{"ty":"st","c":{"a":0,"k":[0,0,0,1],"ix":3},"o":{"a":0,"k":100,"ix":4},"w":{"a":0,"k":4,"ix":5},"lc":2,"lj":2,"bm":0,"nm":"Stroke 1","mn":"ADBE Vector Graphic - Stroke","hd":false},{"ty":"tr","p":{"a":0,"k":[271.771,16.652],"ix":2},"a":{"a":0,"k":[0,0],"ix":1},"s":{"a":0,"k":[100,100],"ix":3},"r":{"a":0,"k":0,"ix":6},"o":{"a":0,"k":100,"ix":7},"sk":{"a":0,"k":0,"ix":4},"sa":{"a":0,"k":0,"ix":5},"nm":"Transform"}],"nm":"Group 1","np":2,"cix":2,"bm":0,"ix":1,"mn":"ADBE Vector Group","hd":false},{"ty":"gr","it":[{"ind":0,"ty":"sh","ix":1,"ks":{"a":0,"k":{"i":[[-38.556,23.464],[58.379,1.154],[0,0],[-127.055,-1.006]],"o":[[0,0],[-58.378,-1.153],[38.65,23.524],[131.71,1.044]],"v":[[261.771,-30.626],[-78.38,-42.777],[-261.771,-30.626],[-3.989,42.831]],"c":true},"ix":2},"nm":"Path 1","mn":"ADBE Vector Shape - Group","hd":false},{"ty":"fl","c":{"a":0,"k":[0.498039215686,0.925490196078,0.807843137255,1],"ix":4},"o":{"a":0,"k":100,"ix":5},"r":1,"bm":0,"nm":"Fill 1","mn":"ADBE Vector Graphic - Fill","hd":false},{"ty":"tr","p":{"a":0,"k":[271.771,53.929],"ix":2},"a":{"a":0,"k":[0,0],"ix":1},"s":{"a":0,"k":[100,100],"ix":3},"r":{"a":0,"k":0,"ix":6},"o":{"a":0,"k":100,"ix":7},"sk":{"a":0,"k":0,"ix":4},"sa":{"a":0,"k":0,"ix":5},"nm":"Transform"}],"nm":"Group 2","np":4,"cix":2,"bm":0,"ix":2,"mn":"ADBE Vector Group","hd":false}],"ip":0,"op":601,"st":0,"bm":0},{"ddd":0,"ind":20,"ty":4,"nm":"ring Outlines","sr":1,"ks":{"o":{"a":0,"k":80,"ix":11},"r":{"a":0,"k":0,"ix":10},"p":{"a":0,"k":[390.524,298.928,0],"ix":2},"a":{"a":0,"k":[329.443,190.728,0],"ix":1},"s":{"a":0,"k":[100,100,100],"ix":6}},"ao":0,"shapes":[{"ty":"gr","it":[{"ind":0,"ty":"sh","ix":1,"ks":{"a":0,"k":{"i":[[0,0],[-0.07,61.501],[-179.737,0],[0,-156.396],[40.389,-35.795]],"o":[[-44.434,-37.085],[0.164,-144.057],[179.737,0],[0,63.348],[0,0]],"v":[[-254.499,186.728],[-325.408,38.165],[0.035,-186.728],[325.477,38.165],[261.184,186.235]],"c":false},"ix":2},"nm":"Path 1","mn":"ADBE Vector Shape - Group","hd":false},{"ty":"st","c":{"a":0,"k":[0.498039215686,0.925490196078,0.807843137255,1],"ix":3},"o":{"a":0,"k":100,"ix":4},"w":{"a":0,"k":8,"ix":5},"lc":2,"lj":1,"ml":10,"bm":0,"d":[{"n":"d","nm":"dash","v":{"a":0,"k":0.4,"ix":1}},{"n":"g","nm":"gap","v":{"a":0,"k":16,"ix":2}},{"n":"o","nm":"offset","v":{"a":0,"k":0,"ix":7}}],"nm":"Stroke 1","mn":"ADBE Vector Graphic - Stroke","hd":false},{"ty":"tr","p":{"a":0,"k":[329.408,190.727],"ix":2},"a":{"a":0,"k":[0,0],"ix":1},"s":{"a":0,"k":[100,100],"ix":3},"r":{"a":0,"k":0,"ix":6},"o":{"a":0,"k":100,"ix":7},"sk":{"a":0,"k":0,"ix":4},"sa":{"a":0,"k":0,"ix":5},"nm":"Transform"}],"nm":"Group 1","np":2,"cix":2,"bm":0,"ix":1,"mn":"ADBE Vector Group","hd":false}],"ip":0,"op":601,"st":0,"bm":0},{"ddd":0,"ind":21,"ty":4,"nm":"hair/streaming_woman_layers Outlines","sr":1,"ks":{"o":{"a":0,"k":100,"ix":11},"r":{"a":1,"k":[{"i":{"x":[0.55],"y":[1]},"o":{"x":[0.45],"y":[0]},"t":125,"s":[0]},{"i":{"x":[0.55],"y":[1]},"o":{"x":[0.45],"y":[0]},"t":150,"s":[-2]},{"i":{"x":[0.55],"y":[1]},"o":{"x":[0.45],"y":[0]},"t":177,"s":[1]},{"t":202,"s":[0]}],"ix":10},"p":{"a":1,"k":[{"i":{"x":0.55,"y":1},"o":{"x":0.45,"y":0},"t":0,"s":[397,247,0],"to":[-1,0,0],"ti":[1,0,0]},{"i":{"x":0.55,"y":0.55},"o":{"x":0.45,"y":0.45},"t":64,"s":[391,247,0],"to":[0,0,0],"ti":[0,0,0]},{"i":{"x":0.55,"y":1},"o":{"x":0.45,"y":0},"t":115,"s":[391,247,0],"to":[1,0,0],"ti":[-1,0,0]},{"t":150,"s":[397,247,0]}],"ix":2},"a":{"a":0,"k":[87.5,73.5,0],"ix":1},"s":{"a":0,"k":[100,100,100],"ix":6}},"ao":0,"shapes":[{"ty":"gr","it":[{"ind":0,"ty":"sh","ix":1,"ks":{"a":0,"k":{"i":[[0,0],[-0.225,5.852],[-0.45,9.135],[-2.652,11.704],[0,12.605],[-0.499,13.505],[-9.679,2.926],[-4.277,8.554],[-13.496,-0.901],[-5.146,-16.725],[-0.226,-6.077],[-7.428,-4.502],[-8.329,-4.32],[1.575,-5.177],[-0.159,-6.337],[1.351,-24.084],[0,0]],"o":[[0,0],[0.225,-5.853],[0.45,-9.134],[0,0],[0,-12.605],[0.499,-13.506],[9.679,-2.926],[4.277,-8.553],[13.495,0.9],[5.28,17.159],[0.225,6.078],[7.428,4.502],[8.328,4.32],[-1.576,5.177],[0.225,9.003],[-1.351,24.085],[0,0]],"v":[[-101.878,80.954],[-104.579,64.973],[-93.775,39.893],[-103.003,15.228],[-84.711,-15.131],[-101.008,-49.868],[-82.296,-72.333],[-53.405,-91.038],[-20.611,-106.546],[31.507,-76.457],[35.796,-47.724],[42.18,-31.366],[78.87,-16.103],[86.523,1.722],[78.645,20.18],[104.304,69.249],[74.424,107.447]],"c":true},"ix":2},"nm":"Path 1","mn":"ADBE Vector Shape - Group","hd":false},{"ty":"fl","c":{"a":0,"k":[0,0,0,1],"ix":4},"o":{"a":0,"k":100,"ix":5},"r":1,"bm":0,"nm":"Fill 1","mn":"ADBE Vector Graphic - Fill","hd":false},{"ty":"tr","p":{"a":0,"k":[116.479,122.657],"ix":2},"a":{"a":0,"k":[0,0],"ix":1},"s":{"a":0,"k":[100,100],"ix":3},"r":{"a":0,"k":0,"ix":6},"o":{"a":0,"k":100,"ix":7},"sk":{"a":0,"k":0,"ix":4},"sa":{"a":0,"k":0,"ix":5},"nm":"Transform"}],"nm":"Group 1","np":2,"cix":2,"bm":0,"ix":1,"mn":"ADBE Vector Group","hd":false},{"ty":"gr","it":[{"ind":0,"ty":"sh","ix":1,"ks":{"a":0,"k":{"i":[[0,0],[-0.225,5.852],[-0.45,9.135],[-1.527,10.568],[0,12.605],[-0.499,13.506],[-9.679,2.926],[-4.276,8.554],[-13.496,-0.9],[-9.004,-15.532],[-0.225,-6.078],[-7.428,-4.502],[-8.329,-4.32],[1.576,-5.177],[-0.159,-6.337],[1.351,-24.084],[0,0]],"o":[[0,0],[0.225,-5.853],[0.45,-9.134],[1.526,-10.569],[0,-12.605],[0.5,-13.505],[9.679,-2.926],[4.277,-8.553],[13.495,0.901],[9.004,15.531],[0.225,6.077],[7.428,4.502],[8.328,4.32],[-1.576,5.177],[0.225,9.003],[-1.351,24.085],[0,0]],"v":[[-102.304,80.954],[-105.005,64.973],[-94.201,39.893],[-103.429,15.228],[-87.898,-14.259],[-100.778,-47.798],[-82.721,-72.333],[-56.836,-92.591],[-21.036,-106.547],[29.374,-81.111],[36.352,-51.399],[41.754,-31.366],[78.444,-16.103],[86.097,1.722],[78.219,20.18],[103.879,69.249],[73.999,107.447]],"c":true},"ix":2},"nm":"Path 1","mn":"ADBE Vector Shape - Group","hd":false},{"ty":"st","c":{"a":0,"k":[0,0,0,1],"ix":3},"o":{"a":0,"k":100,"ix":4},"w":{"a":0,"k":4,"ix":5},"lc":2,"lj":1,"ml":10,"bm":0,"nm":"Stroke 1","mn":"ADBE Vector Graphic - Stroke","hd":false},{"ty":"fl","c":{"a":0,"k":[1,1,1,1],"ix":4},"o":{"a":0,"k":100,"ix":5},"r":1,"bm":0,"nm":"Fill 1","mn":"ADBE Vector Graphic - Fill","hd":false},{"ty":"tr","p":{"a":0,"k":[115.23,117.447],"ix":2},"a":{"a":0,"k":[0,0],"ix":1},"s":{"a":0,"k":[100,100],"ix":3},"r":{"a":0,"k":0,"ix":6},"o":{"a":0,"k":100,"ix":7},"sk":{"a":0,"k":0,"ix":4},"sa":{"a":0,"k":0,"ix":5},"nm":"Transform"}],"nm":"Group 2","np":3,"cix":2,"bm":0,"ix":2,"mn":"ADBE Vector Group","hd":false}],"ip":0,"op":601,"st":0,"bm":0}],"markers":[]}